2026-09-04 15:03:59,200 - INFO - Created logs/laies-paper/2m_vs_1z/laies (LAIES-QRNN) on ConfiguredSMAC-2m_vs_1z
2026-09-04 15:03:59,219 - INFO - Created logs/laies-paper/2m_vs_1z/qmix (QMix-QRNN-double) on ConfiguredSMAC-2m_vs_1z
2026-09-04 15:03:59,232 - INFO - Created logs/laies-paper/2m_vs_1z/qmix-dr (QMix-QRNN-double) on ConfiguredSMAC-2m_vs_1z
2026-09-04 15:03:59,239 - INFO - Training 18 runs with 18 parallel jobs.
Version: B75689 (SC2.4.10)
Build: Aug 12 2019 17:16:57
Command Line: '"/home/yamoling/3rdparty/StarCraftII/Versions/Base75689/SC2_x64" -listen 127.0.0.1 -port 33273 -dataDir /home/yamoling/3rdparty/StarCraftII/ -tempDir /tmp/sc-o1_6x3kk/'
Starting up...
Startup Phase 1 complete
Startup Phase 2 complete
Creating stub renderer...
Listening on: 127.0.0.1:33273
Startup Phase 3 complete. Ready for commands.
ConnectHandler: Request from 127.0.0.1:55348 accepted
ReadyHandler: 127.0.0.1:55348 ready
Requesting to join a single player game
Configuring interface options
Configure: raw interface enabled
Configure: feature layer interface disabled
Configure: score interface disabled
Configure: render interface disabled
Launching next game.
Next launch phase started: 2
Next launch phase started: 3
Next launch phase started: 4
Next launch phase started: 5
Next launch phase started: 6
Next launch phase started: 7
Next launch phase started: 8
2026-09-04 15:04:14,759 - INFO - Estimated GPU memory usage of a single run: 160 MB
2026-09-04 15:04:14,835 - INFO - Preplanned device assignments for scatter strategy: [2, 3, 4, 5, 6, 7, 0, 1, 2, 3, 4, 5, 6, 7, 0, 1, 2]
Game has started.
Using default stable ids, none found at: /home/yamoling/3rdparty/StarCraftII/stableid.json
Successfully loaded stable ids: GameData\stableid.json
Sending ResponseJoinGame
Version: B75689 (SC2.4.10)
Build: Aug 12 2019 17:16:57
Command Line: '"/home/yamoling/3rdparty/StarCraftII/Versions/Base75689/SC2_x64" -listen 127.0.0.1 -port 40225 -dataDir /home/yamoling/3rdparty/StarCraftII/ -tempDir /tmp/sc-z1bikp3f/'
Starting up...
Startup Phase 1 complete
Startup Phase 2 complete
Creating stub renderer...
Listening on: 127.0.0.1:40225
Startup Phase 3 complete. Ready for commands.
ConnectHandler: Request from 127.0.0.1:36358 accepted
ReadyHandler: 127.0.0.1:36358 ready
Requesting to join a single player game
Configuring interface options
Configure: raw interface enabled
Configure: feature layer interface disabled
Configure: score interface disabled
Configure: render interface disabled
Launching next game.
Next launch phase started: 2
Next launch phase started: 3
Next launch phase started: 4
Next launch phase started: 5
Next launch phase started: 6
Next launch phase started: 7
Next launch phase started: 8
Version: B75689 (SC2.4.10)
Build: Aug 12 2019 17:16:57
Command Line: '"/home/yamoling/3rdparty/StarCraftII/Versions/Base75689/SC2_x64" -listen 127.0.0.1 -port 40667 -dataDir /home/yamoling/3rdparty/StarCraftII/ -tempDir /tmp/sc-m7k68lwz/'
Starting up...
Startup Phase 1 complete
Version: B75689 (SC2.4.10)
Build: Aug 12 2019 17:16:57
Command Line: '"/home/yamoling/3rdparty/StarCraftII/Versions/Base75689/SC2_x64" -listen 127.0.0.1 -port 43787 -dataDir /home/yamoling/3rdparty/StarCraftII/ -tempDir /tmp/sc-7xs6t09v/'
Starting up...
Startup Phase 1 complete
Version: B75689 (SC2.4.10)
Build: Aug 12 2019 17:16:57
Command Line: '"/home/yamoling/3rdparty/StarCraftII/Versions/Base75689/SC2_x64" -listen 127.0.0.1 -port 46133 -dataDir /home/yamoling/3rdparty/StarCraftII/ -tempDir /tmp/sc-fgkl3xeo/'
Starting up...
Startup Phase 1 complete
Version: B75689 (SC2.4.10)
Build: Aug 12 2019 17:16:57
Command Line: '"/home/yamoling/3rdparty/StarCraftII/Versions/Base75689/SC2_x64" -listen 127.0.0.1 -port 34445 -dataDir /home/yamoling/3rdparty/StarCraftII/ -tempDir /tmp/sc-2pk46qdy/'
Starting up...
Version: B75689 (SC2.4.10)
Build: Aug 12 2019 17:16:57
Command Line: '"/home/yamoling/3rdparty/StarCraftII/Versions/Base75689/SC2_x64" -listen 127.0.0.1 -port 34261 -dataDir /home/yamoling/3rdparty/StarCraftII/ -tempDir /tmp/sc-0ozl__3z/'
Startup Phase 1 complete
Starting up...
Startup Phase 1 complete
Version: B75689 (SC2.4.10)
Build: Aug 12 2019 17:16:57
Command Line: '"/home/yamoling/3rdparty/StarCraftII/Versions/Base75689/SC2_x64" -listen 127.0.0.1 -port 41217 -dataDir /home/yamoling/3rdparty/StarCraftII/ -tempDir /tmp/sc-u6_qjobu/'
Starting up...
Startup Phase 1 complete
Startup Phase 2 complete
Creating stub renderer...
Version: B75689 (SC2.4.10)
Build: Aug 12 2019 17:16:57
Command Line: '"/home/yamoling/3rdparty/StarCraftII/Versions/Base75689/SC2_x64" -listen 127.0.0.1 -port 37951 -dataDir /home/yamoling/3rdparty/StarCraftII/ -tempDir /tmp/sc-88gm0lst/'
Starting up...
Listening on: 127.0.0.1:40667
Startup Phase 3 complete. Ready for commands.
Startup Phase 1 complete
ConnectHandler: Request from 127.0.0.1:53772 accepted
ReadyHandler: 127.0.0.1:53772 ready
Requesting to join a single player game
Configuring interface options
Configure: raw interface enabled
Configure: feature layer interface disabled
Configure: score interface disabled
Configure: render interface disabled
Launching next game.
Next launch phase started: 2
Next launch phase started: 3
Next launch phase started: 4
Next launch phase started: 5
Next launch phase started: 6
Next launch phase started: 7
Next launch phase started: 8
Version: B75689 (SC2.4.10)
Build: Aug 12 2019 17:16:57
Command Line: '"/home/yamoling/3rdparty/StarCraftII/Versions/Base75689/SC2_x64" -listen 127.0.0.1 -port 46451 -dataDir /home/yamoling/3rdparty/StarCraftII/ -tempDir /tmp/sc-2n824kw_/'
Version: B75689 (SC2.4.10)
Build: Aug 12 2019 17:16:57
Command Line: '"/home/yamoling/3rdparty/StarCraftII/Versions/Base75689/SC2_x64" -listen 127.0.0.1 -port 36545 -dataDir /home/yamoling/3rdparty/StarCraftII/ -tempDir /tmp/sc-cexjmwrk/'
Starting up...
Version: B75689 (SC2.4.10)
Build: Aug 12 2019 17:16:57
Command Line: '"/home/yamoling/3rdparty/StarCraftII/Versions/Base75689/SC2_x64" -listen 127.0.0.1 -port 46445 -dataDir /home/yamoling/3rdparty/StarCraftII/ -tempDir /tmp/sc-9i35uf5h/'
Starting up...
Startup Phase 1 complete
Startup Phase 2 complete
Creating stub renderer...
Starting up...
Startup Phase 1 complete
Version: B75689 (SC2.4.10)
Version: B75689 (SC2.4.10)
Build: Aug 12 2019 17:16:57
Build: Aug 12 2019 17:16:57
Command Line: '"/home/yamoling/3rdparty/StarCraftII/Versions/Base75689/SC2_x64" -listen 127.0.0.1 -port 35445 -dataDir /home/yamCommand Line: '"/home/yamoling/3rdparty/StarCraftII/Versions/Base75689/SC2_x64" -listen 127.0.0.1 -port 34919 -dataDir /home/yamoling/3rdparty/StarCraftII/ -tempDir /tmp/sc-wl4i0e08/'
oling/3rdparty/StarCraftII/ -tempDir /tmp/sc-kym03d1m/'
Version: B75689 (SC2.4.10)
Build: Aug 12 2019 17:16:57
Command Line: '"/home/yamoling/3rdparty/StarCraftII/Versions/Base75689/SC2_x64" -listen 127.0.0.1 -port 36381 -dataDir /home/yamoling/3rdparty/StarCraftII/ -tempDir /tmp/sc-b1cetg5k/'
Startup Phase 1 complete
Starting up...
Starting up...
Starting up...
Version: B75689 (SC2.4.10)
Build: Aug 12 2019 17:16:57
Command Line: '"/home/yamoling/3rdparty/StarCraftII/Versions/Base75689/SC2_x64" -listen 127.0.0.1 -port 40919 -dataDir /home/yamoling/3rdparty/StarCraftII/ -tempDir /tmp/sc-u2p9mvf8/'
Startup Phase 1 complete
Startup Phase 1 complete
Startup Phase 1 complete
Version: B75689 (SC2.4.10)
Build: Aug 12 2019 17:16:57
Version: B75689 (SC2.4.10)
Command Line: '"/home/yamoling/3rdparty/StarCraftII/Versions/Base75689/SC2_x64" -listen 127.0.0.1 -port 41649 -dataDir /home/yamBuild: Aug 12 2019 17:16:57
oling/3rdparty/StarCraftII/ -tempDir /tmp/sc-wk3r5v5t/'
Command Line: '"/home/yamoling/3rdparty/StarCraftII/Versions/Base75689/SC2_x64" -listen 127.0.0.1 -port 38443 -dataDir /home/yamoling/3rdparty/StarCraftII/ -tempDir /tmp/sc-7velesjy/'
Startup Phase 2 complete
Creating stub renderer...
Starting up...
Starting up...
Starting up...
Version: B75689 (SC2.4.10)
Build: Aug 12 2019 17:16:57
Command Line: '"/home/yamoling/3rdparty/StarCraftII/Versions/Base75689/SC2_x64" -listen 127.0.0.1 -port 33063 -dataDir /home/yamoling/3rdparty/StarCraftII/ -tempDir /tmp/sc-3ea5p8nf/'
Startup Phase 1 complete
Startup Phase 1 complete
Startup Phase 1 complete
Starting up...
Startup Phase 1 complete
Startup Phase 2 complete
Creating stub renderer...
Startup Phase 2 complete
Creating stub renderer...
Listening on: 127.0.0.1:43787
Startup Phase 3 complete. Ready for commands.
Listening on: 127.0.0.1:46133
Startup Phase 2 complete
Creating stub renderer...
Startup Phase 3 complete. Ready for commands.
ConnectHandler: Request from 127.0.0.1:33710 accepted
ReadyHandler: 127.0.0.1:33710 ready
Requesting to join a single player game
Configuring interface options
Configure: raw interface enabled
Configure: feature layer interface disabled
Configure: score interface disabled
Configure: render interface disabled
Launching next game.
Next launch phase started: 2
Next launch phase started: 3
Next launch phase started: 4
Next launch phase started: 5
Next launch phase started: 6
Next launch phase started: 7
Next launch phase started: 8
Listening on: 127.0.0.1:34261
Startup Phase 3 complete. Ready for commands.
ConnectHandler: Request from 127.0.0.1:41030 accepted
ReadyHandler: 127.0.0.1:41030 ready
Requesting to join a single player game
Configuring interface options
Configure: raw interface enabled
Configure: feature layer interface disabled
Configure: score interface disabled
Configure: render interface disabled
Launching next game.
Next launch phase started: 2
Next launch phase started: 3
Next launch phase started: 4
Next launch phase started: 5
Next launch phase started: 6
Next launch phase started: 7
Next launch phase started: 8
Listening on: 127.0.0.1:34445
Startup Phase 3 complete. Ready for commands.
ConnectHandler: Request from 127.0.0.1:58944 accepted
ReadyHandler: 127.0.0.1:58944 ready
Requesting to join a single player game
Configuring interface options
Configure: raw interface enabled
Configure: feature layer interface disabled
Configure: score interface disabled
Configure: render interface disabled
Launching next game.
Next launch phase started: 2
Next launch phase started: 3
Next launch phase started: 4
Next launch phase started: 5
Next launch phase started: 6
Next launch phase started: 7
Next launch phase started: 8
ConnectHandler: Request from 127.0.0.1:39162 accepted
ReadyHandler: 127.0.0.1:39162 ready
Requesting to join a single player game
Configuring interface options
Configure: raw interface enabled
Configure: feature layer interface disabled
Configure: score interface disabled
Configure: render interface disabled
Launching next game.
Next launch phase started: 2
Next launch phase started: 3
Next launch phase started: 4
Next launch phase started: 5
Next launch phase started: 6
Next launch phase started: 7
Next launch phase started: 8
Listening on: 127.0.0.1:41217
Startup Phase 3 complete. Ready for commands.
Startup Phase 2 complete
Creating stub renderer...
ConnectHandler: Request from 127.0.0.1:60386 accepted
ReadyHandler: 127.0.0.1:60386 ready
Requesting to join a single player game
Configuring interface options
Configure: raw interface enabled
Configure: feature layer interface disabled
Configure: score interface disabled
Configure: render interface disabled
Launching next game.
Next launch phase started: 2
Next launch phase started: 3
Next launch phase started: 4
Next launch phase started: 5
Next launch phase started: 6
Next launch phase started: 7
Next launch phase started: 8
Startup Phase 2 complete
Creating stub renderer...
Startup Phase 2 complete
Creating stub renderer...
Startup Phase 2 complete
Creating stub renderer...
Startup Phase 2 complete
Creating stub renderer...
Startup Phase 2 complete
Creating stub renderer...
Startup Phase 2 complete
Creating stub renderer...
Startup Phase 2 complete
Creating stub renderer...
Startup Phase 2 complete
Creating stub renderer...
Startup Phase 2 complete
Creating stub renderer...
Startup Phase 2 complete
Creating stub renderer...
Listening on: 127.0.0.1:37951
Startup Phase 3 complete. Ready for commands.
ConnectHandler: Request from 127.0.0.1:37204 accepted
ReadyHandler: 127.0.0.1:37204 ready
Requesting to join a single player game
Configuring interface options
Configure: raw interface enabled
Configure: feature layer interface disabled
Configure: score interface disabled
Configure: render interface disabled
Launching next game.
Next launch phase started: 2
Next launch phase started: 3
Next launch phase started: 4
Next launch phase started: 5
Next launch phase started: 6
Next launch phase started: 7
Next launch phase started: 8
Listening on: 127.0.0.1:46451
Startup Phase 3 complete. Ready for commands.
Listening on: 127.0.0.1:36545
Startup Phase 3 complete. Ready for commands.
Listening on: 127.0.0.1:36381
Startup Phase 3 complete. Ready for commands.
Listening on: 127.0.0.1:46445
Startup Phase 3 complete. Ready for commands.
Listening on: 127.0.0.1:40919
Listening on: 127.0.0.1:38443
Startup Phase 3 complete. Ready for commands.
Startup Phase 3 complete. Ready for commands.
Listening on: 127.0.0.1:34919
Listening on: 127.0.0.1:41649
Startup Phase 3 complete. Ready for commands.
Startup Phase 3 complete. Ready for commands.
ConnectHandler: Request from 127.0.0.1:45832 accepted
ReadyHandler: 127.0.0.1:45832 ready
Listening on: 127.0.0.1:35445
Requesting to join a single player game
Configuring interface options
Configure: raw interface enabled
Configure: feature layer interface disabled
Configure: score interface disabled
Configure: render interface disabled
Launching next game.
Next launch phase started: 2
Next launch phase started: 3
Startup Phase 3 complete. Ready for commands.
Next launch phase started: 4
Next launch phase started: 5
Next launch phase started: 6
Next launch phase started: 7
Next launch phase started: 8
ConnectHandler: Request from 127.0.0.1:32970 accepted
ReadyHandler: 127.0.0.1:32970 ready
Requesting to join a single player game
Configuring interface options
Configure: raw interface enabled
Configure: feature layer interface disabled
Configure: score interface disabled
Configure: render interface disabled
Launching next game.
Next launch phase started: 2
Next launch phase started: 3
Next launch phase started: 4
Next launch phase started: 5
Next launch phase started: 6
Next launch phase started: 7
Next launch phase started: 8
ConnectHandler: Request from 127.0.0.1:48642 accepted
ReadyHandler: 127.0.0.1:48642 ready
Requesting to join a single player game
Configuring interface options
Configure: raw interface enabled
Configure: feature layer interface disabled
Configure: score interface disabled
Configure: render interface disabled
Launching next game.
Next launch phase started: 2
Next launch phase started: 3
Next launch phase started: 4
Next launch phase started: 5
Next launch phase started: 6
Next launch phase started: 7
Next launch phase started: 8
ConnectHandler: Request from 127.0.0.1:53294 accepted
ConnectHandler: Request from 127.0.0.1:47758 accepted
ReadyHandler: 127.0.0.1:53294 ready
ReadyHandler: 127.0.0.1:47758 ready
ConnectHandler: Request from 127.0.0.1:54144 accepted
ReadyHandler: 127.0.0.1:54144 ready
Requesting to join a single player game
Configuring interface options
Configure: raw interface enabled
Configure: feature layer interface disabled
Configure: score interface disabled
Configure: render interface disabled
Launching next game.
Next launch phase started: 2
Next launch phase started: 3
Requesting to join a single player game
Configuring interface options
Configure: raw interface enabled
Configure: feature layer interface disabled
Configure: score interface disabled
Configure: render interface disabled
Next launch phase started: 4
Launching next game.
Next launch phase started: 5
Next launch phase started: 6
Next launch phase started: 7
Next launch phase started: 8
Next launch phase started: 2
Next launch phase started: 3
Next launch phase started: 4
Next launch phase started: 5
Next launch phase started: 6
Next launch phase started: 7
Next launch phase started: 8
Requesting to join a single player game
Configuring interface options
Configure: raw interface enabled
Configure: feature layer interface disabled
Configure: score interface disabled
Configure: render interface disabled
Launching next game.
Next launch phase started: 2
Next launch phase started: 3
Next launch phase started: 4
Next launch phase started: 5
Next launch phase started: 6
Next launch phase started: 7
Next launch phase started: 8
ConnectHandler: Request from 127.0.0.1:48900 accepted
ReadyHandler: 127.0.0.1:48900 ready
ConnectHandler: Request from 127.0.0.1:58856 accepted
ReadyHandler: 127.0.0.1:58856 ready
ConnectHandler: Request from 127.0.0.1:48790 accepted
ReadyHandler: 127.0.0.1:48790 ready
Requesting to join a single player game
Configuring interface options
Configure: raw interface enabled
Configure: feature layer interface disabled
Configure: score interface disabled
Configure: render interface disabled
Launching next game.
Next launch phase started: 2
Next launch phase started: 3
Next launch phase started: 4
Next launch phase started: 5
Next launch phase started: 6
Next launch phase started: 7
Next launch phase started: 8
Requesting to join a single player game
Configuring interface options
Configure: raw interface enabled
Configure: feature layer interface disabled
Configure: score interface disabled
Configure: render interface disabled
Launching next game.
Requesting to join a single player game
Configuring interface options
Configure: raw interface enabled
Configure: feature layer interface disabled
Configure: score interface disabled
Configure: render interface disabled
Launching next game.
Next launch phase started: 2
Next launch phase started: 3
Next launch phase started: 2
Next launch phase started: 3
Next launch phase started: 4
Next launch phase started: 5
Next launch phase started: 6
Next launch phase started: 7
Next launch phase started: 8
Next launch phase started: 4
Next launch phase started: 5
Next launch phase started: 6
Next launch phase started: 7
Next launch phase started: 8
Listening on: 127.0.0.1:33063
Startup Phase 3 complete. Ready for commands.
Game has started.
Using default stable ids, none found at: /home/yamoling/3rdparty/StarCraftII/stableid.json
Successfully loaded stable ids: GameData\stableid.json
Sending ResponseJoinGame
WARNING:marl.env.config.others:SMAC cannot be reseeded once StarCraft II is running: test episodes are not seeded.
ConnectHandler: Request from 127.0.0.1:59966 accepted
ReadyHandler: 127.0.0.1:59966 ready
Requesting to join a single player game
Configuring interface options
Configure: raw interface enabled
Configure: feature layer interface disabled
Configure: score interface disabled
Configure: render interface disabled
Launching next game.
Next launch phase started: 2
Next launch phase started: 3
Next launch phase started: 4
Next launch phase started: 5
Next launch phase started: 6
Next launch phase started: 7
Next launch phase started: 8
Game has started.
Using default stable ids, none found at: /home/yamoling/3rdparty/StarCraftII/stableid.json
Successfully loaded stable ids: GameData\stableid.json
Sending ResponseJoinGame
Version: B75689 (SC2.4.10)
Build: Aug 12 2019 17:16:57
Command Line: '"/home/yamoling/3rdparty/StarCraftII/Versions/Base75689/SC2_x64" -listen 127.0.0.1 -port 38997 -dataDir /home/yamoling/3rdparty/StarCraftII/ -tempDir /tmp/sc-55b8kvz0/'
Starting up...
Startup Phase 1 complete
Game has started.
Using default stable ids, none found at: /home/yamoling/3rdparty/StarCraftII/stableid.json
Successfully loaded stable ids: GameData\stableid.json
Sending ResponseJoinGame
Version: B75689 (SC2.4.10)
Build: Aug 12 2019 17:16:57
Command Line: '"/home/yamoling/3rdparty/StarCraftII/Versions/Base75689/SC2_x64" -listen 127.0.0.1 -port 35245 -dataDir /home/yamoling/3rdparty/StarCraftII/ -tempDir /tmp/sc-5xzk7j80/'
Starting up...
Startup Phase 1 complete
Game has started.
Using default stable ids, none found at: /home/yamoling/3rdparty/StarCraftII/stableid.json
Successfully loaded stable ids: GameData\stableid.json
Game has started.
Using default stable ids, none found at: /home/yamoling/3rdparty/StarCraftII/stableid.json
Sending ResponseJoinGame
Successfully loaded stable ids: GameData\stableid.json
Version: B75689 (SC2.4.10)
Build: Aug 12 2019 17:16:57
Command Line: '"/home/yamoling/3rdparty/StarCraftII/Versions/Base75689/SC2_x64" -listen 127.0.0.1 -port 36907 -dataDir /home/yamoling/3rdparty/StarCraftII/ -tempDir /tmp/sc-glhkp7ex/'
Starting up...
Sending ResponseJoinGame
Startup Phase 1 complete
Version: B75689 (SC2.4.10)
Build: Aug 12 2019 17:16:57
Command Line: '"/home/yamoling/3rdparty/StarCraftII/Versions/Base75689/SC2_x64" -listen 127.0.0.1 -port 39777 -dataDir /home/yamoling/3rdparty/StarCraftII/ -tempDir /tmp/sc-7y6iaxg0/'
Starting up...
Startup Phase 1 complete
Game has started.
Using default stable ids, none found at: /home/yamoling/3rdparty/StarCraftII/stableid.json
Successfully loaded stable ids: GameData\stableid.json
Sending ResponseJoinGame
Version: B75689 (SC2.4.10)
Build: Aug 12 2019 17:16:57
Command Line: '"/home/yamoling/3rdparty/StarCraftII/Versions/Base75689/SC2_x64" -listen 127.0.0.1 -port 43171 -dataDir /home/yamoling/3rdparty/StarCraftII/ -tempDir /tmp/sc-ea05r7n3/'
Starting up...
Startup Phase 1 complete
Startup Phase 2 complete
Creating stub renderer...
Game has started.
Using default stable ids, none found at: /home/yamoling/3rdparty/StarCraftII/stableid.json
Successfully loaded stable ids: GameData\stableid.json
Sending ResponseJoinGame
Version: B75689 (SC2.4.10)
Build: Aug 12 2019 17:16:57
Command Line: '"/home/yamoling/3rdparty/StarCraftII/Versions/Base75689/SC2_x64" -listen 127.0.0.1 -port 35387 -dataDir /home/yamoling/3rdparty/StarCraftII/ -tempDir /tmp/sc-aygc6dm4/'
Starting up...
Startup Phase 1 complete
Listening on: 127.0.0.1:38997
Startup Phase 3 complete. Ready for commands.
Game has started.
Using default stable ids, none found at: /home/yamoling/3rdparty/StarCraftII/stableid.json
Startup Phase 2 complete
Creating stub renderer...
Successfully loaded stable ids: GameData\stableid.json
Sending ResponseJoinGame
Version: B75689 (SC2.4.10)
Build: Aug 12 2019 17:16:57
Command Line: '"/home/yamoling/3rdparty/StarCraftII/Versions/Base75689/SC2_x64" -listen 127.0.0.1 -port 42891 -dataDir /home/yamoling/3rdparty/StarCraftII/ -tempDir /tmp/sc-eo3d76u0/'
Starting up...
Startup Phase 1 complete
Game has started.
Using default stable ids, none found at: /home/yamoling/3rdparty/StarCraftII/stableid.json
Successfully loaded stable ids: GameData\stableid.json
Sending ResponseJoinGame
Startup Phase 2 complete
Creating stub renderer...
Version: B75689 (SC2.4.10)
Build: Aug 12 2019 17:16:57
Command Line: '"/home/yamoling/3rdparty/StarCraftII/Versions/Base75689/SC2_x64" -listen 127.0.0.1 -port 38153 -dataDir /home/yamoling/3rdparty/StarCraftII/ -tempDir /tmp/sc-mvioghm4/'
Starting up...
Startup Phase 2 complete
Creating stub renderer...
Startup Phase 1 complete
Game has started.
Using default stable ids, none found at: /home/yamoling/3rdparty/StarCraftII/stableid.json
Successfully loaded stable ids: GameData\stableid.json
Sending ResponseJoinGame
Version: B75689 (SC2.4.10)
Build: Aug 12 2019 17:16:57
Command Line: '"/home/yamoling/3rdparty/StarCraftII/Versions/Base75689/SC2_x64" -listen 127.0.0.1 -port 43325 -dataDir /home/yamoling/3rdparty/StarCraftII/ -tempDir /tmp/sc-zqkcm6gz/'
Starting up...
Startup Phase 1 complete
Game has started.
Using default stable ids, none found at: /home/yamoling/3rdparty/StarCraftII/stableid.json
Successfully loaded stable ids: GameData\stableid.json
Startup Phase 2 complete
Creating stub renderer...
Sending ResponseJoinGame
Version: B75689 (SC2.4.10)
Build: Aug 12 2019 17:16:57
Command Line: '"/home/yamoling/3rdparty/StarCraftII/Versions/Base75689/SC2_x64" -listen 127.0.0.1 -port 35361 -dataDir /home/yamoling/3rdparty/StarCraftII/ -tempDir /tmp/sc-3svztz80/'
Game has started.
Using default stable ids, none found at: /home/yamoling/3rdparty/StarCraftII/stableid.json
Successfully loaded stable ids: GameData\stableid.json
Game has started.
Using default stable ids, none found at: /home/yamoling/3rdparty/StarCraftII/stableid.json
Starting up...
Successfully loaded stable ids: GameData\stableid.json
Sending ResponseJoinGame
Startup Phase 1 complete
Sending ResponseJoinGame
Version: B75689 (SC2.4.10)
Build: Aug 12 2019 17:16:57
Command Line: '"/home/yamoling/3rdparty/StarCraftII/Versions/Base75689/SC2_x64" -listen 127.0.0.1 -port 40289 -dataDir /home/yamoling/3rdparty/StarCraftII/ -tempDir /tmp/sc-qb1i_5p5/'
Version: B75689 (SC2.4.10)
Build: Aug 12 2019 17:16:57
Command Line: '"/home/yamoling/3rdparty/StarCraftII/Versions/Base75689/SC2_x64" -listen 127.0.0.1 -port 34665 -dataDir /home/yamoling/3rdparty/StarCraftII/ -tempDir /tmp/sc-2yytyd3n/'
Starting up...
Starting up...
Startup Phase 1 complete
Startup Phase 1 complete
Game has started.
Using default stable ids, none found at: /home/yamoling/3rdparty/StarCraftII/stableid.json
Successfully loaded stable ids: GameData\stableid.json
Listening on: 127.0.0.1:35245
Startup Phase 3 complete. Ready for commands.
ConnectHandler: Request from 127.0.0.1:35652 accepted
ReadyHandler: 127.0.0.1:35652 ready
Requesting to join a single player game
Configuring interface options
Configure: raw interface enabled
Configure: feature layer interface disabled
Configure: score interface disabled
Configure: render interface disabled
Launching next game.
Next launch phase started: 2
Next launch phase started: 3
Next launch phase started: 4
Next launch phase started: 5
Next launch phase started: 6
Next launch phase started: 7
Next launch phase started: 8
Sending ResponseJoinGame
Game has started.
Using default stable ids, none found at: /home/yamoling/3rdparty/StarCraftII/stableid.json
Version: B75689 (SC2.4.10)
Build: Aug 12 2019 17:16:57
Command Line: '"/home/yamoling/3rdparty/StarCraftII/Versions/Base75689/SC2_x64" -listen 127.0.0.1 -port 35441 -dataDir /home/yamoling/3rdparty/StarCraftII/ -tempDir /tmp/sc-ai2srjl4/'
Successfully loaded stable ids: GameData\stableid.json
Sending ResponseJoinGame
Starting up...
Startup Phase 1 complete
Version: B75689 (SC2.4.10)
Build: Aug 12 2019 17:16:57
Command Line: '"/home/yamoling/3rdparty/StarCraftII/Versions/Base75689/SC2_x64" -listen 127.0.0.1 -port 46533 -dataDir /home/yamoling/3rdparty/StarCraftII/ -tempDir /tmp/sc-opf63_e_/'
Listening on: 127.0.0.1:36907
Starting up...
Startup Phase 3 complete. Ready for commands.
Startup Phase 1 complete
Game has started.
Using default stable ids, none found at: /home/yamoling/3rdparty/StarCraftII/stableid.json
Successfully loaded stable ids: GameData\stableid.json
Listening on: 127.0.0.1:39777
Startup Phase 3 complete. Ready for commands.
Sending ResponseJoinGame
Version: B75689 (SC2.4.10)
Build: Aug 12 2019 17:16:57
Command Line: '"/home/yamoling/3rdparty/StarCraftII/Versions/Base75689/SC2_x64" -listen 127.0.0.1 -port 33811 -dataDir /home/yamoling/3rdparty/StarCraftII/ -tempDir /tmp/sc-jaiwzojr/'
ConnectHandler: Request from 127.0.0.1:48542 accepted
ReadyHandler: 127.0.0.1:48542 ready
Requesting to join a single player game
Configuring interface options
Configure: raw interface enabled
Configure: feature layer interface disabled
Configure: score interface disabled
Configure: render interface disabled
Launching next game.
Next launch phase started: 2
Next launch phase started: 3
Next launch phase started: 4
Next launch phase started: 5
Next launch phase started: 6
Next launch phase started: 7
Next launch phase started: 8
Starting up...
Startup Phase 1 complete
ConnectHandler: Request from 127.0.0.1:54246 accepted
ReadyHandler: 127.0.0.1:54246 ready
Requesting to join a single player game
Configuring interface options
Configure: raw interface enabled
Configure: feature layer interface disabled
Configure: score interface disabled
Configure: render interface disabled
Launching next game.
Next launch phase started: 2
Next launch phase started: 3
Next launch phase started: 4
Next launch phase started: 5
Next launch phase started: 6
Next launch phase started: 7
Next launch phase started: 8
ConnectHandler: Request from 127.0.0.1:37126 accepted
ReadyHandler: 127.0.0.1:37126 ready
Requesting to join a single player game
Configuring interface options
Configure: raw interface enabled
Configure: feature layer interface disabled
Configure: score interface disabled
Configure: render interface disabled
Launching next game.
Next launch phase started: 2
Next launch phase started: 3
Next launch phase started: 4
Next launch phase started: 5
Next launch phase started: 6
Next launch phase started: 7
Next launch phase started: 8
Startup Phase 2 complete
Creating stub renderer...
Listening on: 127.0.0.1:43171
Startup Phase 3 complete. Ready for commands.
Game has started.
Using default stable ids, none found at: /home/yamoling/3rdparty/StarCraftII/stableid.json
Successfully loaded stable ids: GameData\stableid.json
ConnectHandler: Request from 127.0.0.1:51882 accepted
ReadyHandler: 127.0.0.1:51882 ready
Requesting to join a single player game
Configuring interface options
Configure: raw interface enabled
Configure: feature layer interface disabled
Configure: score interface disabled
Configure: render interface disabled
Launching next game.
Next launch phase started: 2
Next launch phase started: 3
Next launch phase started: 4
Next launch phase started: 5
Next launch phase started: 6
Next launch phase started: 7
Next launch phase started: 8
Sending ResponseJoinGame
Version: B75689 (SC2.4.10)
Build: Aug 12 2019 17:16:57
Command Line: '"/home/yamoling/3rdparty/StarCraftII/Versions/Base75689/SC2_x64" -listen 127.0.0.1 -port 34431 -dataDir /home/yamoling/3rdparty/StarCraftII/ -tempDir /tmp/sc-9ergs5kg/'
Starting up...
Startup Phase 1 complete
Startup Phase 2 complete
Creating stub renderer...
Listening on: 127.0.0.1:35387
Startup Phase 3 complete. Ready for commands.
ConnectHandler: Request from 127.0.0.1:40396 accepted
ReadyHandler: 127.0.0.1:40396 ready
Requesting to join a single player game
Configuring interface options
Configure: raw interface enabled
Configure: feature layer interface disabled
Configure: score interface disabled
Configure: render interface disabled
Launching next game.
Next launch phase started: 2
Next launch phase started: 3
Next launch phase started: 4
Next launch phase started: 5
Next launch phase started: 6
Next launch phase started: 7
Next launch phase started: 8
Startup Phase 2 complete
Creating stub renderer...
Startup Phase 2 complete
Creating stub renderer...
Startup Phase 2 complete
Creating stub renderer...
Startup Phase 2 complete
Creating stub renderer...
Game has started.
Using default stable ids, none found at: /home/yamoling/3rdparty/StarCraftII/stableid.json
Startup Phase 2 complete
Creating stub renderer...
Successfully loaded stable ids: GameData\stableid.json
Sending ResponseJoinGame
Version: B75689 (SC2.4.10)
Build: Aug 12 2019 17:16:57
Command Line: '"/home/yamoling/3rdparty/StarCraftII/Versions/Base75689/SC2_x64" -listen 127.0.0.1 -port 38755 -dataDir /home/yamoling/3rdparty/StarCraftII/ -tempDir /tmp/sc-_nyxuluq/'
Listening on: 127.0.0.1:42891
Startup Phase 3 complete. Ready for commands.
Starting up...
Startup Phase 1 complete
Startup Phase 2 complete
Creating stub renderer...
Startup Phase 2 complete
Creating stub renderer...
ConnectHandler: Request from 127.0.0.1:50770 accepted
ReadyHandler: 127.0.0.1:50770 ready
Requesting to join a single player game
Configuring interface options
Configure: raw interface enabled
Configure: feature layer interface disabled
Configure: score interface disabled
Configure: render interface disabled
Launching next game.
Next launch phase started: 2
Next launch phase started: 3
Next launch phase started: 4
Next launch phase started: 5
Next launch phase started: 6
Next launch phase started: 7
Next launch phase started: 8
Listening on: 127.0.0.1:38153
Startup Phase 3 complete. Ready for commands.
Startup Phase 2 complete
Creating stub renderer...
Listening on: 127.0.0.1:43325
Startup Phase 3 complete. Ready for commands.
ConnectHandler: Request from 127.0.0.1:53588 accepted
ReadyHandler: 127.0.0.1:53588 ready
Requesting to join a single player game
Configuring interface options
Configure: raw interface enabled
Configure: feature layer interface disabled
Configure: score interface disabled
Configure: render interface disabled
Launching next game.
Next launch phase started: 2
Next launch phase started: 3
Next launch phase started: 4
Next launch phase started: 5
Next launch phase started: 6
Next launch phase started: 7
Next launch phase started: 8
ConnectHandler: Request from 127.0.0.1:54064 accepted
ReadyHandler: 127.0.0.1:54064 ready
Requesting to join a single player game
Configuring interface options
Configure: raw interface enabled
Configure: feature layer interface disabled
Configure: score interface disabled
Configure: render interface disabled
Launching next game.
Next launch phase started: 2
Next launch phase started: 3
Next launch phase started: 4
Next launch phase started: 5
Next launch phase started: 6
Next launch phase started: 7
Next launch phase started: 8
Listening on: 127.0.0.1:35361
Startup Phase 3 complete. Ready for commands.
Listening on: 127.0.0.1:40289
Startup Phase 3 complete. Ready for commands.
Listening on: 127.0.0.1:34665
Startup Phase 3 complete. Ready for commands.
ConnectHandler: Request from 127.0.0.1:47248 accepted
ReadyHandler: 127.0.0.1:47248 ready
Requesting to join a single player game
Configuring interface options
Configure: raw interface enabled
Configure: feature layer interface disabled
Configure: score interface disabled
Configure: render interface disabled
Launching next game.
Next launch phase started: 2
Next launch phase started: 3
Next launch phase started: 4
Next launch phase started: 5
Next launch phase started: 6
Next launch phase started: 7
Next launch phase started: 8
Listening on: 127.0.0.1:35441
Startup Phase 3 complete. Ready for commands.
ConnectHandler: Request from 127.0.0.1:58980 accepted
ReadyHandler: 127.0.0.1:58980 ready
Requesting to join a single player game
Configuring interface options
Configure: raw interface enabled
Configure: feature layer interface disabled
Configure: score interface disabled
Configure: render interface disabled
Launching next game.
Next launch phase started: 2
Next launch phase started: 3
Next launch phase started: 4
Next launch phase started: 5
Next launch phase started: 6
Next launch phase started: 7
Next launch phase started: 8
ConnectHandler: Request from 127.0.0.1:57228 accepted
ReadyHandler: 127.0.0.1:57228 ready
Requesting to join a single player game
Configuring interface options
Configure: raw interface enabled
Configure: feature layer interface disabled
Configure: score interface disabled
Configure: render interface disabled
Launching next game.
Next launch phase started: 2
Next launch phase started: 3
Next launch phase started: 4
Next launch phase started: 5
Next launch phase started: 6
Next launch phase started: 7
Next launch phase started: 8
Listening on: 127.0.0.1:46533
Startup Phase 2 complete
Creating stub renderer...
Startup Phase 3 complete. Ready for commands.
ConnectHandler: Request from 127.0.0.1:54642 accepted
ReadyHandler: 127.0.0.1:54642 ready
Requesting to join a single player game
Configuring interface options
Configure: raw interface enabled
Configure: feature layer interface disabled
Configure: score interface disabled
Configure: render interface disabled
Launching next game.
Next launch phase started: 2
Next launch phase started: 3
Next launch phase started: 4
Next launch phase started: 5
Next launch phase started: 6
Next launch phase started: 7
Next launch phase started: 8
Listening on: 127.0.0.1:33811
Startup Phase 3 complete. Ready for commands.
ConnectHandler: Request from 127.0.0.1:46578 accepted
ReadyHandler: 127.0.0.1:46578 ready
Requesting to join a single player game
Configuring interface options
Configure: raw interface enabled
Configure: feature layer interface disabled
Configure: score interface disabled
Configure: render interface disabled
Launching next game.
Next launch phase started: 2
Next launch phase started: 3
Next launch phase started: 4
Next launch phase started: 5
Next launch phase started: 6
Next launch phase started: 7
Next launch phase started: 8
ConnectHandler: Request from 127.0.0.1:40110 accepted
ReadyHandler: 127.0.0.1:40110 ready
Requesting to join a single player game
Configuring interface options
Configure: raw interface enabled
Configure: feature layer interface disabled
Configure: score interface disabled
Configure: render interface disabled
Launching next game.
Next launch phase started: 2
Next launch phase started: 3
Next launch phase started: 4
Next launch phase started: 5
Next launch phase started: 6
Next launch phase started: 7
Next launch phase started: 8
Listening on: 127.0.0.1:34431
Startup Phase 3 complete. Ready for commands.
ConnectHandler: Request from 127.0.0.1:60732 accepted
ReadyHandler: 127.0.0.1:60732 ready
Requesting to join a single player game
Configuring interface options
Configure: raw interface enabled
Configure: feature layer interface disabled
Configure: score interface disabled
Configure: render interface disabled
Launching next game.
Next launch phase started: 2
Next launch phase started: 3
Next launch phase started: 4
Next launch phase started: 5
Next launch phase started: 6
Next launch phase started: 7
Next launch phase started: 8
Startup Phase 2 complete
Creating stub renderer...
Listening on: 127.0.0.1:38755
Startup Phase 3 complete. Ready for commands.
ConnectHandler: Request from 127.0.0.1:47770 accepted
ReadyHandler: 127.0.0.1:47770 ready
Requesting to join a single player game
Configuring interface options
Configure: raw interface enabled
Configure: feature layer interface disabled
Configure: score interface disabled
Configure: render interface disabled
Launching next game.
Next launch phase started: 2
Next launch phase started: 3
Next launch phase started: 4
Next launch phase started: 5
Next launch phase started: 6
Next launch phase started: 7
Next launch phase started: 8
Game has started.
Using default stable ids, none found at: /home/yamoling/3rdparty/StarCraftII/stableid.json
Successfully loaded stable ids: GameData\stableid.json
Sending ResponseJoinGame
Game has started.
Using default stable ids, none found at: /home/yamoling/3rdparty/StarCraftII/stableid.json
Successfully loaded stable ids: GameData\stableid.json
Sending ResponseJoinGame
Game has started.
Using default stable ids, none found at: /home/yamoling/3rdparty/StarCraftII/stableid.json
Successfully loaded stable ids: GameData\stableid.json
Sending ResponseJoinGame
WARNING:marl.env.config.others:SMAC cannot be reseeded once StarCraft II is running: test episodes are not seeded.
Game has started.
Using default stable ids, none found at: /home/yamoling/3rdparty/StarCraftII/stableid.json
Successfully loaded stable ids: GameData\stableid.json
Sending ResponseJoinGame
Game has started.
Using default stable ids, none found at: /home/yamoling/3rdparty/StarCraftII/stableid.json
Successfully loaded stable ids: GameData\stableid.json
Sending ResponseJoinGame
Game has started.
Using default stable ids, none found at: /home/yamoling/3rdparty/StarCraftII/stableid.json
Successfully loaded stable ids: GameData\stableid.json
WARNING:marl.env.config.others:SMAC cannot be reseeded once StarCraft II is running: test episodes are not seeded.
Sending ResponseJoinGame
Deferred error: 536936448 (0x20010000)
Deferred error details: Bad profiling data. TimeMS: 10893079.000000 Conversion: 1.000000e-03
WARNING:marl.env.config.others:SMAC cannot be reseeded once StarCraft II is running: test episodes are not seeded.
WARNING:marl.env.config.others:SMAC cannot be reseeded once StarCraft II is running: test episodes are not seeded.
Game has started.
Using default stable ids, none found at: /home/yamoling/3rdparty/StarCraftII/stableid.json
Successfully loaded stable ids: GameData\stableid.json
Sending ResponseJoinGame
WARNING:marl.env.config.others:SMAC cannot be reseeded once StarCraft II is running: test episodes are not seeded.
Game has started.
Using default stable ids, none found at: /home/yamoling/3rdparty/StarCraftII/stableid.json
Successfully loaded stable ids: GameData\stableid.json
WARNING:marl.env.config.others:SMAC cannot be reseeded once StarCraft II is running: test episodes are not seeded.
Game has started.
Using default stable ids, none found at: /home/yamoling/3rdparty/StarCraftII/stableid.json
Sending ResponseJoinGame
Successfully loaded stable ids: GameData\stableid.json
Sending ResponseJoinGame
Game has started.
Using default stable ids, none found at: /home/yamoling/3rdparty/StarCraftII/stableid.json
Successfully loaded stable ids: GameData\stableid.json
Sending ResponseJoinGame
Game has started.
Using default stable ids, none found at: /home/yamoling/3rdparty/StarCraftII/stableid.json
Successfully loaded stable ids: GameData\stableid.json
Sending ResponseJoinGame
WARNING:marl.env.config.others:SMAC cannot be reseeded once StarCraft II is running: test episodes are not seeded.
Game has started.
Using default stable ids, none found at: /home/yamoling/3rdparty/StarCraftII/stableid.json
Successfully loaded stable ids: GameData\stableid.json
WARNING:marl.env.config.others:SMAC cannot be reseeded once StarCraft II is running: test episodes are not seeded.
Sending ResponseJoinGame
WARNING:marl.env.config.others:SMAC cannot be reseeded once StarCraft II is running: test episodes are not seeded.
Game has started.
Using default stable ids, none found at: /home/yamoling/3rdparty/StarCraftII/stableid.json
Successfully loaded stable ids: GameData\stableid.json
Sending ResponseJoinGame
Game has started.
Using default stable ids, none found at: /home/yamoling/3rdparty/StarCraftII/stableid.json
Game has started.
Using default stable ids, none found at: /home/yamoling/3rdparty/StarCraftII/stableid.json
Successfully loaded stable ids: GameData\stableid.json
Successfully loaded stable ids: GameData\stableid.json
Sending ResponseJoinGame
Sending ResponseJoinGame
WARNING:marl.env.config.others:SMAC cannot be reseeded once StarCraft II is running: test episodes are not seeded.
WARNING:marl.env.config.others:SMAC cannot be reseeded once StarCraft II is running: test episodes are not seeded.
WARNING:marl.env.config.others:SMAC cannot be reseeded once StarCraft II is running: test episodes are not seeded.
Game has started.
Using default stable ids, none found at: /home/yamoling/3rdparty/StarCraftII/stableid.json
Successfully loaded stable ids: GameData\stableid.json
Sending ResponseJoinGame
WARNING:marl.env.config.others:SMAC cannot be reseeded once StarCraft II is running: test episodes are not seeded.
WARNING:marl.env.config.others:SMAC cannot be reseeded once StarCraft II is running: test episodes are not seeded.
WARNING:marl.env.config.others:SMAC cannot be reseeded once StarCraft II is running: test episodes are not seeded.
WARNING:marl.env.config.others:SMAC cannot be reseeded once StarCraft II is running: test episodes are not seeded.
Game has started.
Using default stable ids, none found at: /home/yamoling/3rdparty/StarCraftII/stableid.json
Successfully loaded stable ids: GameData\stableid.json
Sending ResponseJoinGame
WARNING:marl.env.config.others:SMAC cannot be reseeded once StarCraft II is running: test episodes are not seeded.
RequestQuit command received.
Closing Application...
DataHandler: unable to parse websocket frame.
CloseHandler: 127.0.0.1:47758 disconnected
Version: B75689 (SC2.4.10)
Build: Aug 12 2019 17:16:57
Command Line: '"/home/yamoling/3rdparty/StarCraftII/Versions/Base75689/SC2_x64" -listen 127.0.0.1 -port 43555 -dataDir /home/yamoling/3rdparty/StarCraftII/ -tempDir /tmp/sc-2xke7a7q/'
Starting up...
Startup Phase 1 complete
Startup Phase 2 complete
Creating stub renderer...
Listening on: 127.0.0.1:43555
Startup Phase 3 complete. Ready for commands.
ConnectHandler: Request from 127.0.0.1:42892 accepted
ReadyHandler: 127.0.0.1:42892 ready
Requesting to join a single player game
Configuring interface options
Configure: raw interface enabled
Configure: feature layer interface disabled
Configure: score interface disabled
Configure: render interface disabled
Launching next game.
Next launch phase started: 2
Next launch phase started: 3
Next launch phase started: 4
Next launch phase started: 5
Next launch phase started: 6
Next launch phase started: 7
Next launch phase started: 8
RequestQuit command received.
DataHandler: unable to parse websocket frame.
Closing Application...
CloseHandler: 127.0.0.1:53294 disconnected
Version: B75689 (SC2.4.10)
Build: Aug 12 2019 17:16:57
Command Line: '"/home/yamoling/3rdparty/StarCraftII/Versions/Base75689/SC2_x64" -listen 127.0.0.1 -port 44625 -dataDir /home/yamoling/3rdparty/StarCraftII/ -tempDir /tmp/sc-ir3_nlep/'
Starting up...
Startup Phase 1 complete
Startup Phase 2 complete
Creating stub renderer...
Listening on: 127.0.0.1:44625
Startup Phase 3 complete. Ready for commands.
Game has started.
Using default stable ids, none found at: /home/yamoling/3rdparty/StarCraftII/stableid.json
Successfully loaded stable ids: GameData\stableid.json
Sending ResponseJoinGame
ConnectHandler: Request from 127.0.0.1:40974 accepted
ReadyHandler: 127.0.0.1:40974 ready
Requesting to join a single player game
Configuring interface options
Configure: raw interface enabled
Configure: feature layer interface disabled
Configure: score interface disabled
Configure: render interface disabled
Launching next game.
Next launch phase started: 2
Next launch phase started: 3
Next launch phase started: 4
Next launch phase started: 5
Next launch phase started: 6
Next launch phase started: 7
Next launch phase started: 8
Game has started.
Using default stable ids, none found at: /home/yamoling/3rdparty/StarCraftII/stableid.json
Successfully loaded stable ids: GameData\stableid.json
Sending ResponseJoinGame
RequestQuit command received.
Closing Application...
DataHandler: unable to parse websocket frame.
CloseHandler: 127.0.0.1:33710 disconnected
Version: B75689 (SC2.4.10)
Build: Aug 12 2019 17:16:57
Command Line: '"/home/yamoling/3rdparty/StarCraftII/Versions/Base75689/SC2_x64" -listen 127.0.0.1 -port 44703 -dataDir /home/yamoling/3rdparty/StarCraftII/ -tempDir /tmp/sc-nx0r3t5o/'
Starting up...
Startup Phase 1 complete
Startup Phase 2 complete
Creating stub renderer...
Listening on: 127.0.0.1:44703
Startup Phase 3 complete. Ready for commands.
ConnectHandler: Request from 127.0.0.1:44698 accepted
ReadyHandler: 127.0.0.1:44698 ready
Requesting to join a single player game
Configuring interface options
Configure: raw interface enabled
Configure: feature layer interface disabled
Configure: score interface disabled
Configure: render interface disabled
Launching next game.
Next launch phase started: 2
Next launch phase started: 3
Next launch phase started: 4
Next launch phase started: 5
Next launch phase started: 6
Next launch phase started: 7
Next launch phase started: 8
RequestQuit command received.
Closing Application...
DataHandler: unable to parse websocket frame.
CloseHandler: 127.0.0.1:58944 disconnected
Version: B75689 (SC2.4.10)
Build: Aug 12 2019 17:16:57
Command Line: '"/home/yamoling/3rdparty/StarCraftII/Versions/Base75689/SC2_x64" -listen 127.0.0.1 -port 33109 -dataDir /home/yamoling/3rdparty/StarCraftII/ -tempDir /tmp/sc-lwijrctn/'
Starting up...
Startup Phase 1 complete
Startup Phase 2 complete
Creating stub renderer...
Listening on: 127.0.0.1:33109
Startup Phase 3 complete. Ready for commands.
ConnectHandler: Request from 127.0.0.1:42526 accepted
ReadyHandler: 127.0.0.1:42526 ready
Requesting to join a single player game
Configuring interface options
Configure: raw interface enabled
Configure: feature layer interface disabled
Configure: score interface disabled
Configure: render interface disabled
Launching next game.
Next launch phase started: 2
Next launch phase started: 3
Next launch phase started: 4
Next launch phase started: 5
Next launch phase started: 6
Next launch phase started: 7
Next launch phase started: 8
Game has started.
Using default stable ids, none found at: /home/yamoling/3rdparty/StarCraftII/stableid.json
Successfully loaded stable ids: GameData\stableid.json
Sending ResponseJoinGame
Game has started.
Using default stable ids, none found at: /home/yamoling/3rdparty/StarCraftII/stableid.json
Successfully loaded stable ids: GameData\stableid.json
Sending ResponseJoinGame
RequestQuit command received.
Closing Application...
DataHandler: unable to parse websocket frame.
CloseHandler: 127.0.0.1:59966 disconnected
Version: B75689 (SC2.4.10)
Build: Aug 12 2019 17:16:57
Command Line: '"/home/yamoling/3rdparty/StarCraftII/Versions/Base75689/SC2_x64" -listen 127.0.0.1 -port 43419 -dataDir /home/yamoling/3rdparty/StarCraftII/ -tempDir /tmp/sc-b_rxz04u/'
Starting up...
Startup Phase 1 complete
Startup Phase 2 complete
Creating stub renderer...
Listening on: 127.0.0.1:43419
Startup Phase 3 complete. Ready for commands.
RequestQuit command received.
Closing Application...
DataHandler: unable to parse websocket frame.
CloseHandler: 127.0.0.1:53772 disconnected
Version: B75689 (SC2.4.10)
Build: Aug 12 2019 17:16:57
Command Line: '"/home/yamoling/3rdparty/StarCraftII/Versions/Base75689/SC2_x64" -listen 127.0.0.1 -port 34803 -dataDir /home/yamoling/3rdparty/StarCraftII/ -tempDir /tmp/sc-n5wsnr6j/'
Starting up...
Startup Phase 1 complete
ConnectHandler: Request from 127.0.0.1:59358 accepted
ReadyHandler: 127.0.0.1:59358 ready
Requesting to join a single player game
Configuring interface options
Configure: raw interface enabled
Configure: feature layer interface disabled
Configure: score interface disabled
Configure: render interface disabled
Launching next game.
Next launch phase started: 2
Next launch phase started: 3
Next launch phase started: 4
Next launch phase started: 5
Next launch phase started: 6
Next launch phase started: 7
Next launch phase started: 8
Startup Phase 2 complete
Creating stub renderer...
Listening on: 127.0.0.1:34803
Startup Phase 3 complete. Ready for commands.
ConnectHandler: Request from 127.0.0.1:44128 accepted
ReadyHandler: 127.0.0.1:44128 ready
Requesting to join a single player game
Configuring interface options
Configure: raw interface enabled
Configure: feature layer interface disabled
Configure: score interface disabled
Configure: render interface disabled
Launching next game.
Next launch phase started: 2
Next launch phase started: 3
Next launch phase started: 4
Next launch phase started: 5
Next launch phase started: 6
Next launch phase started: 7
Next launch phase started: 8
RequestQuit command received.
Closing Application...
DataHandler: unable to parse websocket frame.
CloseHandler: 127.0.0.1:39162 disconnected
Version: B75689 (SC2.4.10)
Build: Aug 12 2019 17:16:57
Command Line: '"/home/yamoling/3rdparty/StarCraftII/Versions/Base75689/SC2_x64" -listen 127.0.0.1 -port 38547 -dataDir /home/yamoling/3rdparty/StarCraftII/ -tempDir /tmp/sc-u8b8hwts/'
Starting up...
Startup Phase 1 complete
RequestQuit command received.
Closing Application...
DataHandler: unable to parse websocket frame.
CloseHandler: 127.0.0.1:48790 disconnected
Version: B75689 (SC2.4.10)
Build: Aug 12 2019 17:16:57
Command Line: '"/home/yamoling/3rdparty/StarCraftII/Versions/Base75689/SC2_x64" -listen 127.0.0.1 -port 32845 -dataDir /home/yamoling/3rdparty/StarCraftII/ -tempDir /tmp/sc-ebgjbuxx/'
Starting up...
Startup Phase 1 complete
Startup Phase 2 complete
Creating stub renderer...
Listening on: 127.0.0.1:38547
Startup Phase 3 complete. Ready for commands.
Game has started.
Using default stable ids, none found at: /home/yamoling/3rdparty/StarCraftII/stableid.json
Successfully loaded stable ids: GameData\stableid.json
Sending ResponseJoinGame
Startup Phase 2 complete
Creating stub renderer...
ConnectHandler: Request from 127.0.0.1:55892 accepted
ReadyHandler: 127.0.0.1:55892 ready
Requesting to join a single player game
Configuring interface options
Configure: raw interface enabled
Configure: feature layer interface disabled
Configure: score interface disabled
Configure: render interface disabled
Launching next game.
Next launch phase started: 2
Next launch phase started: 3
Next launch phase started: 4
Next launch phase started: 5
Next launch phase started: 6
Next launch phase started: 7
Next launch phase started: 8
Listening on: 127.0.0.1:32845
Startup Phase 3 complete. Ready for commands.
ConnectHandler: Request from 127.0.0.1:36386 accepted
ReadyHandler: 127.0.0.1:36386 ready
Requesting to join a single player game
Configuring interface options
Configure: raw interface enabled
Configure: feature layer interface disabled
Configure: score interface disabled
Configure: render interface disabled
Launching next game.
Next launch phase started: 2
Next launch phase started: 3
Next launch phase started: 4
Next launch phase started: 5
Next launch phase started: 6
Next launch phase started: 7
Next launch phase started: 8
Game has started.
Using default stable ids, none found at: /home/yamoling/3rdparty/StarCraftII/stableid.json
Successfully loaded stable ids: GameData\stableid.json
Sending ResponseJoinGame
Game has started.
Using default stable ids, none found at: /home/yamoling/3rdparty/StarCraftII/stableid.json
Successfully loaded stable ids: GameData\stableid.json
Sending ResponseJoinGame
Game has started.
Using default stable ids, none found at: /home/yamoling/3rdparty/StarCraftII/stableid.json
Successfully loaded stable ids: GameData\stableid.json
Sending ResponseJoinGame
RequestQuit command received.
Closing Application...
DataHandler: unable to parse websocket frame.
CloseHandler: 127.0.0.1:48900 disconnected
Version: B75689 (SC2.4.10)
Build: Aug 12 2019 17:16:57
Command Line: '"/home/yamoling/3rdparty/StarCraftII/Versions/Base75689/SC2_x64" -listen 127.0.0.1 -port 34543 -dataDir /home/yamoling/3rdparty/StarCraftII/ -tempDir /tmp/sc-hugypik9/'
Starting up...
Startup Phase 1 complete
RequestQuit command received.
DataHandler: unable to parse websocket frame.
CloseHandler: 127.0.0.1:60386 disconnected
Closing Application...
Version: B75689 (SC2.4.10)
Build: Aug 12 2019 17:16:57
Command Line: '"/home/yamoling/3rdparty/StarCraftII/Versions/Base75689/SC2_x64" -listen 127.0.0.1 -port 39709 -dataDir /home/yamoling/3rdparty/StarCraftII/ -tempDir /tmp/sc-rcm3vrzp/'
Starting up...
Startup Phase 1 complete
Startup Phase 2 complete
Creating stub renderer...
Listening on: 127.0.0.1:34543
Startup Phase 3 complete. Ready for commands.
ConnectHandler: Request from 127.0.0.1:57758 accepted
ReadyHandler: 127.0.0.1:57758 ready
Requesting to join a single player game
Configuring interface options
Configure: raw interface enabled
Configure: feature layer interface disabled
Configure: score interface disabled
Configure: render interface disabled
Launching next game.
Next launch phase started: 2
Next launch phase started: 3
Next launch phase started: 4
Next launch phase started: 5
Next launch phase started: 6
Next launch phase started: 7
Next launch phase started: 8
Startup Phase 2 complete
Creating stub renderer...
Listening on: 127.0.0.1:39709
Startup Phase 3 complete. Ready for commands.
ConnectHandler: Request from 127.0.0.1:56704 accepted
ReadyHandler: 127.0.0.1:56704 ready
Requesting to join a single player game
Configuring interface options
Configure: raw interface enabled
Configure: feature layer interface disabled
Configure: score interface disabled
Configure: render interface disabled
Launching next game.
Next launch phase started: 2
Next launch phase started: 3
Next launch phase started: 4
Next launch phase started: 5
Next launch phase started: 6
Next launch phase started: 7
Next launch phase started: 8
RequestQuit command received.
Closing Application...
DataHandler: unable to parse websocket frame.
CloseHandler: 127.0.0.1:48642 disconnected
Version: B75689 (SC2.4.10)
Build: Aug 12 2019 17:16:57
Command Line: '"/home/yamoling/3rdparty/StarCraftII/Versions/Base75689/SC2_x64" -listen 127.0.0.1 -port 41837 -dataDir /home/yamoling/3rdparty/StarCraftII/ -tempDir /tmp/sc-jzy9x1b0/'
Starting up...
Startup Phase 1 complete
Startup Phase 2 complete
Creating stub renderer...
Listening on: 127.0.0.1:41837
Startup Phase 3 complete. Ready for commands.
ConnectHandler: Request from 127.0.0.1:42958 accepted
ReadyHandler: 127.0.0.1:42958 ready
Requesting to join a single player game
Configuring interface options
Configure: raw interface enabled
Configure: feature layer interface disabled
Configure: score interface disabled
Configure: render interface disabled
Launching next game.
Next launch phase started: 2
Next launch phase started: 3
Next launch phase started: 4
Next launch phase started: 5
Next launch phase started: 6
Next launch phase started: 7
Next launch phase started: 8
Game has started.
Using default stable ids, none found at: /home/yamoling/3rdparty/StarCraftII/stableid.json
Successfully loaded stable ids: GameData\stableid.json
Sending ResponseJoinGame
RequestQuit command received.
Closing Application...
DataHandler: unable to parse websocket frame.
CloseHandler: 127.0.0.1:32970 disconnected
Version: B75689 (SC2.4.10)
Build: Aug 12 2019 17:16:57
Command Line: '"/home/yamoling/3rdparty/StarCraftII/Versions/Base75689/SC2_x64" -listen 127.0.0.1 -port 33649 -dataDir /home/yamoling/3rdparty/StarCraftII/ -tempDir /tmp/sc-ptxnly3e/'
Starting up...
Startup Phase 1 complete
Game has started.
Using default stable ids, none found at: /home/yamoling/3rdparty/StarCraftII/stableid.json
Successfully loaded stable ids: GameData\stableid.json
Sending ResponseJoinGame
Startup Phase 2 complete
Creating stub renderer...
Listening on: 127.0.0.1:33649
Startup Phase 3 complete. Ready for commands.
ConnectHandler: Request from 127.0.0.1:54656 accepted
ReadyHandler: 127.0.0.1:54656 ready
Requesting to join a single player game
Configuring interface options
Configure: raw interface enabled
Configure: feature layer interface disabled
Configure: score interface disabled
Configure: render interface disabled
Launching next game.
Next launch phase started: 2
Next launch phase started: 3
Next launch phase started: 4
Next launch phase started: 5
Next launch phase started: 6
Next launch phase started: 7
Next launch phase started: 8
RequestQuit command received.
DataHandler: unable to parse websocket frame.
CloseHandler: 127.0.0.1:58856 disconnected
Closing Application...
Version: B75689 (SC2.4.10)
Build: Aug 12 2019 17:16:57
Command Line: '"/home/yamoling/3rdparty/StarCraftII/Versions/Base75689/SC2_x64" -listen 127.0.0.1 -port 45343 -dataDir /home/yamoling/3rdparty/StarCraftII/ -tempDir /tmp/sc-o_u0v3kw/'
Starting up...
Startup Phase 1 complete
Game has started.
Using default stable ids, none found at: /home/yamoling/3rdparty/StarCraftII/stableid.json
Successfully loaded stable ids: GameData\stableid.json
Sending ResponseJoinGame
Startup Phase 2 complete
Creating stub renderer...
Listening on: 127.0.0.1:45343
Startup Phase 3 complete. Ready for commands.
ConnectHandler: Request from 127.0.0.1:45774 accepted
ReadyHandler: 127.0.0.1:45774 ready
Requesting to join a single player game
Configuring interface options
Configure: raw interface enabled
Configure: feature layer interface disabled
Configure: score interface disabled
Configure: render interface disabled
Launching next game.
Next launch phase started: 2
Next launch phase started: 3
Next launch phase started: 4
Next launch phase started: 5
Next launch phase started: 6
Next launch phase started: 7
Next launch phase started: 8
Game has started.
Using default stable ids, none found at: /home/yamoling/3rdparty/StarCraftII/stableid.json
Successfully loaded stable ids: GameData\stableid.json
Sending ResponseJoinGame
Game has started.
Using default stable ids, none found at: /home/yamoling/3rdparty/StarCraftII/stableid.json
Successfully loaded stable ids: GameData\stableid.json
Sending ResponseJoinGame
DataHandler: unable to parse websocket frame.
CloseHandler: 127.0.0.1:55348 disconnected
RequestQuit command received.
QueueResponse: No outstanding requests to this connection, dropping response: quit, id: 999999999
Closing Application...
Version: B75689 (SC2.4.10)
Build: Aug 12 2019 17:16:57
Command Line: '"/home/yamoling/3rdparty/StarCraftII/Versions/Base75689/SC2_x64" -listen 127.0.0.1 -port 40193 -dataDir /home/yamoling/3rdparty/StarCraftII/ -tempDir /tmp/sc-33bw1ago/'
Starting up...
Startup Phase 1 complete
Startup Phase 2 complete
Creating stub renderer...
Listening on: 127.0.0.1:40193
Startup Phase 3 complete. Ready for commands.
ConnectHandler: Request from 127.0.0.1:50058 accepted
ReadyHandler: 127.0.0.1:50058 ready
Requesting to join a single player game
Configuring interface options
Configure: raw interface enabled
Configure: feature layer interface disabled
Configure: score interface disabled
Configure: render interface disabled
Launching next game.
Next launch phase started: 2
Next launch phase started: 3
Next launch phase started: 4
Next launch phase started: 5
Next launch phase started: 6
Next launch phase started: 7
Next launch phase started: 8
Game has started.
Using default stable ids, none found at: /home/yamoling/3rdparty/StarCraftII/stableid.json
Successfully loaded stable ids: GameData\stableid.json
Sending ResponseJoinGame
RequestQuit command received.
Closing Application...
DataHandler: unable to parse websocket frame.
CloseHandler: 127.0.0.1:45832 disconnected
Version: B75689 (SC2.4.10)
Build: Aug 12 2019 17:16:57
Command Line: '"/home/yamoling/3rdparty/StarCraftII/Versions/Base75689/SC2_x64" -listen 127.0.0.1 -port 35575 -dataDir /home/yamoling/3rdparty/StarCraftII/ -tempDir /tmp/sc-er2cpqwg/'
Starting up...
Startup Phase 1 complete
Startup Phase 2 complete
Creating stub renderer...
RequestQuit command received.
Closing Application...
DataHandler: unable to parse websocket frame.
CloseHandler: 127.0.0.1:54144 disconnected
Version: B75689 (SC2.4.10)
Build: Aug 12 2019 17:16:57
Command Line: '"/home/yamoling/3rdparty/StarCraftII/Versions/Base75689/SC2_x64" -listen 127.0.0.1 -port 33495 -dataDir /home/yamoling/3rdparty/StarCraftII/ -tempDir /tmp/sc-fel2ukq5/'
Starting up...
Startup Phase 1 complete
Listening on: 127.0.0.1:35575
Startup Phase 3 complete. Ready for commands.
ConnectHandler: Request from 127.0.0.1:49490 accepted
ReadyHandler: 127.0.0.1:49490 ready
Requesting to join a single player game
Configuring interface options
Configure: raw interface enabled
Configure: feature layer interface disabled
Configure: score interface disabled
Configure: render interface disabled
Launching next game.
Next launch phase started: 2
Next launch phase started: 3
Next launch phase started: 4
Next launch phase started: 5
Next launch phase started: 6
Next launch phase started: 7
Next launch phase started: 8
Startup Phase 2 complete
Creating stub renderer...
Listening on: 127.0.0.1:33495
ConnectHandler: Request from 127.0.0.1:43862 accepted
ReadyHandler: 127.0.0.1:43862 ready
Startup Phase 3 complete. Ready for commands.
Requesting to join a single player game
Configuring interface options
Configure: raw interface enabled
Configure: feature layer interface disabled
Configure: score interface disabled
Configure: render interface disabled
Launching next game.
Next launch phase started: 2
Next launch phase started: 3
Next launch phase started: 4
Next launch phase started: 5
Next launch phase started: 6
Next launch phase started: 7
Next launch phase started: 8
RequestQuit command received.
Closing Application...
DataHandler: unable to parse websocket frame.
CloseHandler: 127.0.0.1:41030 disconnected
Version: B75689 (SC2.4.10)
Build: Aug 12 2019 17:16:57
Command Line: '"/home/yamoling/3rdparty/StarCraftII/Versions/Base75689/SC2_x64" -listen 127.0.0.1 -port 35609 -dataDir /home/yamoling/3rdparty/StarCraftII/ -tempDir /tmp/sc-q7gbfcxj/'
Starting up...
Startup Phase 1 complete
Startup Phase 2 complete
Creating stub renderer...
Listening on: 127.0.0.1:35609
Startup Phase 3 complete. Ready for commands.
Game has started.
Using default stable ids, none found at: /home/yamoling/3rdparty/StarCraftII/stableid.json
Successfully loaded stable ids: GameData\stableid.json
Sending ResponseJoinGame
ConnectHandler: Request from 127.0.0.1:55668 accepted
ReadyHandler: 127.0.0.1:55668 ready
Requesting to join a single player game
Configuring interface options
Configure: raw interface enabled
Configure: feature layer interface disabled
Configure: score interface disabled
Configure: render interface disabled
Launching next game.
Next launch phase started: 2
Next launch phase started: 3
Next launch phase started: 4
Next launch phase started: 5
Next launch phase started: 6
Next launch phase started: 7
Next launch phase started: 8
Game has started.
Using default stable ids, none found at: /home/yamoling/3rdparty/StarCraftII/stableid.json
Successfully loaded stable ids: GameData\stableid.json
Sending ResponseJoinGame
RequestQuit command received.
Closing Application...
DataHandler: unable to parse websocket frame.
CloseHandler: 127.0.0.1:37204 disconnected
Game has started.
Using default stable ids, none found at: /home/yamoling/3rdparty/StarCraftII/stableid.json
Successfully loaded stable ids: GameData\stableid.json
Version: B75689 (SC2.4.10)
Build: Aug 12 2019 17:16:57
Command Line: '"/home/yamoling/3rdparty/StarCraftII/Versions/Base75689/SC2_x64" -listen 127.0.0.1 -port 44263 -dataDir /home/yamoling/3rdparty/StarCraftII/ -tempDir /tmp/sc-suel5oho/'
Sending ResponseJoinGame
Starting up...
Startup Phase 1 complete
Startup Phase 2 complete
Creating stub renderer...
Listening on: 127.0.0.1:44263
Startup Phase 3 complete. Ready for commands.
ConnectHandler: Request from 127.0.0.1:54764 accepted
ReadyHandler: 127.0.0.1:54764 ready
Requesting to join a single player game
Configuring interface options
Configure: raw interface enabled
Configure: feature layer interface disabled
Configure: score interface disabled
Configure: render interface disabled
Launching next game.
Next launch phase started: 2
Next launch phase started: 3
Next launch phase started: 4
Next launch phase started: 5
Next launch phase started: 6
Next launch phase started: 7
Next launch phase started: 8
Game has started.
Using default stable ids, none found at: /home/yamoling/3rdparty/StarCraftII/stableid.json
Successfully loaded stable ids: GameData\stableid.json
Sending ResponseJoinGame
RequestQuit command received.
DataHandler: unable to parse websocket frame.
Closing Application...
CloseHandler: 127.0.0.1:42892 disconnected
Version: B75689 (SC2.4.10)
Build: Aug 12 2019 17:16:57
Command Line: '"/home/yamoling/3rdparty/StarCraftII/Versions/Base75689/SC2_x64" -listen 127.0.0.1 -port 37611 -dataDir /home/yamoling/3rdparty/StarCraftII/ -tempDir /tmp/sc-5ssye71x/'
Starting up...
Startup Phase 1 complete
Startup Phase 2 complete
Creating stub renderer...
Listening on: 127.0.0.1:37611
Startup Phase 3 complete. Ready for commands.
ConnectHandler: Request from 127.0.0.1:58134 accepted
ReadyHandler: 127.0.0.1:58134 ready
Requesting to join a single player game
Configuring interface options
Configure: raw interface enabled
Configure: feature layer interface disabled
Configure: score interface disabled
Configure: render interface disabled
Launching next game.
Next launch phase started: 2
Next launch phase started: 3
Next launch phase started: 4
Next launch phase started: 5
Next launch phase started: 6
Next launch phase started: 7
Next launch phase started: 8
Game has started.
Using default stable ids, none found at: /home/yamoling/3rdparty/StarCraftII/stableid.json
Successfully loaded stable ids: GameData\stableid.json
Sending ResponseJoinGame
RequestQuit command received.
Closing Application...
DataHandler: unable to parse websocket frame.
CloseHandler: 127.0.0.1:42526 disconnected
Version: B75689 (SC2.4.10)
Build: Aug 12 2019 17:16:57
Command Line: '"/home/yamoling/3rdparty/StarCraftII/Versions/Base75689/SC2_x64" -listen 127.0.0.1 -port 36113 -dataDir /home/yamoling/3rdparty/StarCraftII/ -tempDir /tmp/sc-nad2nbuh/'
Starting up...
Startup Phase 1 complete
Startup Phase 2 complete
Creating stub renderer...
Listening on: 127.0.0.1:36113
Startup Phase 3 complete. Ready for commands.
ConnectHandler: Request from 127.0.0.1:40764 accepted
ReadyHandler: 127.0.0.1:40764 ready
Requesting to join a single player game
Configuring interface options
Configure: raw interface enabled
Configure: feature layer interface disabled
Configure: score interface disabled
Configure: render interface disabled
Launching next game.
Next launch phase started: 2
Next launch phase started: 3
Next launch phase started: 4
Next launch phase started: 5
Next launch phase started: 6
Next launch phase started: 7
Next launch phase started: 8
RequestQuit command received.
DataHandler: unable to parse websocket frame.
Closing Application...
CloseHandler: 127.0.0.1:40974 disconnected
Version: B75689 (SC2.4.10)
Build: Aug 12 2019 17:16:57
Command Line: '"/home/yamoling/3rdparty/StarCraftII/Versions/Base75689/SC2_x64" -listen 127.0.0.1 -port 46271 -dataDir /home/yamoling/3rdparty/StarCraftII/ -tempDir /tmp/sc-7p82vkxc/'
Starting up...
Startup Phase 1 complete
Startup Phase 2 complete
Creating stub renderer...
Listening on: 127.0.0.1:46271
Startup Phase 3 complete. Ready for commands.
ConnectHandler: Request from 127.0.0.1:41908 accepted
ReadyHandler: 127.0.0.1:41908 ready
Requesting to join a single player game
Configuring interface options
Configure: raw interface enabled
Configure: feature layer interface disabled
Configure: score interface disabled
Configure: render interface disabled
Launching next game.
Next launch phase started: 2
Next launch phase started: 3
Next launch phase started: 4
Next launch phase started: 5
Next launch phase started: 6
Next launch phase started: 7
Next launch phase started: 8
Game has started.
Using default stable ids, none found at: /home/yamoling/3rdparty/StarCraftII/stableid.json
Successfully loaded stable ids: GameData\stableid.json
Sending ResponseJoinGame
Game has started.
Using default stable ids, none found at: /home/yamoling/3rdparty/StarCraftII/stableid.json
Successfully loaded stable ids: GameData\stableid.json
Sending ResponseJoinGame
RequestQuit command received.
DataHandler: unable to parse websocket frame.
Closing Application...
CloseHandler: 127.0.0.1:36386 disconnected
Version: B75689 (SC2.4.10)
Build: Aug 12 2019 17:16:57
Command Line: '"/home/yamoling/3rdparty/StarCraftII/Versions/Base75689/SC2_x64" -listen 127.0.0.1 -port 43389 -dataDir /home/yamoling/3rdparty/StarCraftII/ -tempDir /tmp/sc-95x2u2qb/'
Starting up...
Startup Phase 1 complete
Startup Phase 2 complete
Creating stub renderer...
Listening on: 127.0.0.1:43389
Startup Phase 3 complete. Ready for commands.
ConnectHandler: Request from 127.0.0.1:36964 accepted
ReadyHandler: 127.0.0.1:36964 ready
Requesting to join a single player game
Configuring interface options
Configure: raw interface enabled
Configure: feature layer interface disabled
Configure: score interface disabled
Configure: render interface disabled
Launching next game.
Next launch phase started: 2
Next launch phase started: 3
Next launch phase started: 4
Next launch phase started: 5
Next launch phase started: 6
Next launch phase started: 7
Next launch phase started: 8
Game has started.
Using default stable ids, none found at: /home/yamoling/3rdparty/StarCraftII/stableid.json
Successfully loaded stable ids: GameData\stableid.json
Sending ResponseJoinGame
RequestQuit command received.
Closing Application...
DataHandler: unable to parse websocket frame.
CloseHandler: 127.0.0.1:44698 disconnected
Version: B75689 (SC2.4.10)
Build: Aug 12 2019 17:16:57
Command Line: '"/home/yamoling/3rdparty/StarCraftII/Versions/Base75689/SC2_x64" -listen 127.0.0.1 -port 37339 -dataDir /home/yamoling/3rdparty/StarCraftII/ -tempDir /tmp/sc-7yunj4gn/'
Starting up...
Startup Phase 1 complete
Startup Phase 2 complete
Creating stub renderer...
Listening on: 127.0.0.1:37339
Startup Phase 3 complete. Ready for commands.
ConnectHandler: Request from 127.0.0.1:38442 accepted
ReadyHandler: 127.0.0.1:38442 ready
Requesting to join a single player game
Configuring interface options
Configure: raw interface enabled
Configure: feature layer interface disabled
Configure: score interface disabled
Configure: render interface disabled
Launching next game.
Next launch phase started: 2
Next launch phase started: 3
Next launch phase started: 4
Next launch phase started: 5
Next launch phase started: 6
Next launch phase started: 7
Next launch phase started: 8
Game has started.
Using default stable ids, none found at: /home/yamoling/3rdparty/StarCraftII/stableid.json
Successfully loaded stable ids: GameData\stableid.json
Sending ResponseJoinGame
RequestQuit command received.
Closing Application...
DataHandler: unable to parse websocket frame.
CloseHandler: 127.0.0.1:59358 disconnected
Version: B75689 (SC2.4.10)
Build: Aug 12 2019 17:16:57
Command Line: '"/home/yamoling/3rdparty/StarCraftII/Versions/Base75689/SC2_x64" -listen 127.0.0.1 -port 43663 -dataDir /home/yamoling/3rdparty/StarCraftII/ -tempDir /tmp/sc-abse4ln3/'
Starting up...
Startup Phase 1 complete
Startup Phase 2 complete
Creating stub renderer...
Listening on: 127.0.0.1:43663
Startup Phase 3 complete. Ready for commands.
ConnectHandler: Request from 127.0.0.1:56132 accepted
ReadyHandler: 127.0.0.1:56132 ready
Requesting to join a single player game
Configuring interface options
Configure: raw interface enabled
Configure: feature layer interface disabled
Configure: score interface disabled
Configure: render interface disabled
Launching next game.
Next launch phase started: 2
Next launch phase started: 3
Next launch phase started: 4
Next launch phase started: 5
Next launch phase started: 6
Next launch phase started: 7
Next launch phase started: 8
Game has started.
Using default stable ids, none found at: /home/yamoling/3rdparty/StarCraftII/stableid.json
Successfully loaded stable ids: GameData\stableid.json
Sending ResponseJoinGame
RequestQuit command received.
Closing Application...
DataHandler: unable to parse websocket frame.
CloseHandler: 127.0.0.1:44128 disconnected
Version: B75689 (SC2.4.10)
Build: Aug 12 2019 17:16:57
Command Line: '"/home/yamoling/3rdparty/StarCraftII/Versions/Base75689/SC2_x64" -listen 127.0.0.1 -port 32797 -dataDir /home/yamoling/3rdparty/StarCraftII/ -tempDir /tmp/sc-va1kf4os/'
Starting up...
Startup Phase 1 complete
Startup Phase 2 complete
Creating stub renderer...
Listening on: 127.0.0.1:32797
Startup Phase 3 complete. Ready for commands.
ConnectHandler: Request from 127.0.0.1:37754 accepted
ReadyHandler: 127.0.0.1:37754 ready
Requesting to join a single player game
Configuring interface options
Configure: raw interface enabled
Configure: feature layer interface disabled
Configure: score interface disabled
Configure: render interface disabled
Launching next game.
Next launch phase started: 2
Next launch phase started: 3
Next launch phase started: 4
Next launch phase started: 5
Next launch phase started: 6
Next launch phase started: 7
Next launch phase started: 8
Game has started.
Using default stable ids, none found at: /home/yamoling/3rdparty/StarCraftII/stableid.json
Successfully loaded stable ids: GameData\stableid.json
Sending ResponseJoinGame
RequestQuit command received.
Closing Application...
DataHandler: unable to parse websocket frame.
CloseHandler: 127.0.0.1:55892 disconnected
Version: B75689 (SC2.4.10)
Build: Aug 12 2019 17:16:57
Command Line: '"/home/yamoling/3rdparty/StarCraftII/Versions/Base75689/SC2_x64" -listen 127.0.0.1 -port 46411 -dataDir /home/yamoling/3rdparty/StarCraftII/ -tempDir /tmp/sc-4ghjj19q/'
Starting up...
Startup Phase 1 complete
Startup Phase 2 complete
Creating stub renderer...
Listening on: 127.0.0.1:46411
Startup Phase 3 complete. Ready for commands.
ConnectHandler: Request from 127.0.0.1:33286 accepted
ReadyHandler: 127.0.0.1:33286 ready
Requesting to join a single player game
Configuring interface options
Configure: raw interface enabled
Configure: feature layer interface disabled
Configure: score interface disabled
Configure: render interface disabled
Launching next game.
Next launch phase started: 2
Next launch phase started: 3
Next launch phase started: 4
Next launch phase started: 5
Next launch phase started: 6
Next launch phase started: 7
Next launch phase started: 8
Game has started.
Using default stable ids, none found at: /home/yamoling/3rdparty/StarCraftII/stableid.json
Successfully loaded stable ids: GameData\stableid.json
Sending ResponseJoinGame
RequestQuit command received.
Closing Application...
DataHandler: unable to parse websocket frame.
CloseHandler: 127.0.0.1:45774 disconnected
Version: B75689 (SC2.4.10)
Build: Aug 12 2019 17:16:57
Command Line: '"/home/yamoling/3rdparty/StarCraftII/Versions/Base75689/SC2_x64" -listen 127.0.0.1 -port 37197 -dataDir /home/yamoling/3rdparty/StarCraftII/ -tempDir /tmp/sc-v1ft9ulb/'
Starting up...
Startup Phase 1 complete
Startup Phase 2 complete
Creating stub renderer...
Listening on: 127.0.0.1:37197
Startup Phase 3 complete. Ready for commands.
ConnectHandler: Request from 127.0.0.1:46748 accepted
ReadyHandler: 127.0.0.1:46748 ready
Requesting to join a single player game
Configuring interface options
Configure: raw interface enabled
Configure: feature layer interface disabled
Configure: score interface disabled
Configure: render interface disabled
Launching next game.
Next launch phase started: 2
Next launch phase started: 3
Next launch phase started: 4
Next launch phase started: 5
Next launch phase started: 6
Next launch phase started: 7
Next launch phase started: 8
Game has started.
Using default stable ids, none found at: /home/yamoling/3rdparty/StarCraftII/stableid.json
Successfully loaded stable ids: GameData\stableid.json
Sending ResponseJoinGame
RequestQuit command received.
Closing Application...
DataHandler: unable to parse websocket frame.
CloseHandler: 127.0.0.1:42958 disconnected
Version: B75689 (SC2.4.10)
Build: Aug 12 2019 17:16:57
Command Line: '"/home/yamoling/3rdparty/StarCraftII/Versions/Base75689/SC2_x64" -listen 127.0.0.1 -port 39743 -dataDir /home/yamoling/3rdparty/StarCraftII/ -tempDir /tmp/sc-4c4w8efq/'
Starting up...
Startup Phase 1 complete
Startup Phase 2 complete
Creating stub renderer...
Listening on: 127.0.0.1:39743
Startup Phase 3 complete. Ready for commands.
ConnectHandler: Request from 127.0.0.1:50562 accepted
ReadyHandler: 127.0.0.1:50562 ready
Requesting to join a single player game
Configuring interface options
Configure: raw interface enabled
Configure: feature layer interface disabled
Configure: score interface disabled
Configure: render interface disabled
Launching next game.
Next launch phase started: 2
Next launch phase started: 3
Next launch phase started: 4
Next launch phase started: 5
Next launch phase started: 6
Next launch phase started: 7
Next launch phase started: 8
Game has started.
Using default stable ids, none found at: /home/yamoling/3rdparty/StarCraftII/stableid.json
Successfully loaded stable ids: GameData\stableid.json
Sending ResponseJoinGame
RequestQuit command received.
DataHandler: unable to parse websocket frame.
Closing Application...
CloseHandler: 127.0.0.1:54656 disconnected
Version: B75689 (SC2.4.10)
Build: Aug 12 2019 17:16:57
Command Line: '"/home/yamoling/3rdparty/StarCraftII/Versions/Base75689/SC2_x64" -listen 127.0.0.1 -port 36781 -dataDir /home/yamoling/3rdparty/StarCraftII/ -tempDir /tmp/sc-m22vdztx/'
Starting up...
Startup Phase 1 complete
Startup Phase 2 complete
Creating stub renderer...
Listening on: 127.0.0.1:36781
Startup Phase 3 complete. Ready for commands.
ConnectHandler: Request from 127.0.0.1:40126 accepted
ReadyHandler: 127.0.0.1:40126 ready
Requesting to join a single player game
Configuring interface options
Configure: raw interface enabled
Configure: feature layer interface disabled
Configure: score interface disabled
Configure: render interface disabled
Launching next game.
Next launch phase started: 2
Next launch phase started: 3
Next launch phase started: 4
Next launch phase started: 5
Next launch phase started: 6
Next launch phase started: 7
Next launch phase started: 8
RequestQuit command received.
Closing Application...
DataHandler: unable to parse websocket frame.
CloseHandler: 127.0.0.1:57758 disconnected
Version: B75689 (SC2.4.10)
Build: Aug 12 2019 17:16:57
Command Line: '"/home/yamoling/3rdparty/StarCraftII/Versions/Base75689/SC2_x64" -listen 127.0.0.1 -port 42461 -dataDir /home/yamoling/3rdparty/StarCraftII/ -tempDir /tmp/sc-wz2ix_lx/'
Starting up...
Startup Phase 1 complete
Startup Phase 2 complete
Creating stub renderer...
Listening on: 127.0.0.1:42461
Startup Phase 3 complete. Ready for commands.
ConnectHandler: Request from 127.0.0.1:60486 accepted
ReadyHandler: 127.0.0.1:60486 ready
Requesting to join a single player game
Configuring interface options
Configure: raw interface enabled
Configure: feature layer interface disabled
Configure: score interface disabled
Configure: render interface disabled
Launching next game.
Next launch phase started: 2
Next launch phase started: 3
Next launch phase started: 4
Next launch phase started: 5
Next launch phase started: 6
Next launch phase started: 7
Next launch phase started: 8
Game has started.
Using default stable ids, none found at: /home/yamoling/3rdparty/StarCraftII/stableid.json
Successfully loaded stable ids: GameData\stableid.json
Sending ResponseJoinGame
Game has started.
Using default stable ids, none found at: /home/yamoling/3rdparty/StarCraftII/stableid.json
Successfully loaded stable ids: GameData\stableid.json
Sending ResponseJoinGame
RequestQuit command received.
Closing Application...
DataHandler: unable to parse websocket frame.
CloseHandler: 127.0.0.1:56704 disconnected
Version: B75689 (SC2.4.10)
Build: Aug 12 2019 17:16:57
Command Line: '"/home/yamoling/3rdparty/StarCraftII/Versions/Base75689/SC2_x64" -listen 127.0.0.1 -port 43451 -dataDir /home/yamoling/3rdparty/StarCraftII/ -tempDir /tmp/sc-k_lneft3/'
Starting up...
Startup Phase 1 complete
Startup Phase 2 complete
Creating stub renderer...
Listening on: 127.0.0.1:43451
Startup Phase 3 complete. Ready for commands.
ConnectHandler: Request from 127.0.0.1:47090 accepted
ReadyHandler: 127.0.0.1:47090 ready
Requesting to join a single player game
Configuring interface options
Configure: raw interface enabled
Configure: feature layer interface disabled
Configure: score interface disabled
Configure: render interface disabled
Launching next game.
Next launch phase started: 2
Next launch phase started: 3
Next launch phase started: 4
Next launch phase started: 5
Next launch phase started: 6
Next launch phase started: 7
Next launch phase started: 8
Game has started.
Using default stable ids, none found at: /home/yamoling/3rdparty/StarCraftII/stableid.json
Successfully loaded stable ids: GameData\stableid.json
Sending ResponseJoinGame
RequestQuit command received.
DataHandler: unable to parse websocket frame.
Closing Application...
CloseHandler: 127.0.0.1:50058 disconnected
Version: B75689 (SC2.4.10)
Build: Aug 12 2019 17:16:57
Command Line: '"/home/yamoling/3rdparty/StarCraftII/Versions/Base75689/SC2_x64" -listen 127.0.0.1 -port 44385 -dataDir /home/yamoling/3rdparty/StarCraftII/ -tempDir /tmp/sc-mq568e5e/'
Starting up...
Startup Phase 1 complete
Startup Phase 2 complete
Creating stub renderer...
Listening on: 127.0.0.1:44385
Startup Phase 3 complete. Ready for commands.
ConnectHandler: Request from 127.0.0.1:42602 accepted
ReadyHandler: 127.0.0.1:42602 ready
Requesting to join a single player game
Configuring interface options
Configure: raw interface enabled
Configure: feature layer interface disabled
Configure: score interface disabled
Configure: render interface disabled
Launching next game.
Next launch phase started: 2
Next launch phase started: 3
Next launch phase started: 4
Next launch phase started: 5
Next launch phase started: 6
Next launch phase started: 7
Next launch phase started: 8
Game has started.
Using default stable ids, none found at: /home/yamoling/3rdparty/StarCraftII/stableid.json
Successfully loaded stable ids: GameData\stableid.json
Sending ResponseJoinGame
RequestQuit command received.
Closing Application...
DataHandler: unable to parse websocket frame.
CloseHandler: 127.0.0.1:55668 disconnected
Version: B75689 (SC2.4.10)
Build: Aug 12 2019 17:16:57
Command Line: '"/home/yamoling/3rdparty/StarCraftII/Versions/Base75689/SC2_x64" -listen 127.0.0.1 -port 35631 -dataDir /home/yamoling/3rdparty/StarCraftII/ -tempDir /tmp/sc-u7n6ahkq/'
Starting up...
Startup Phase 1 complete
Startup Phase 2 complete
Creating stub renderer...
Listening on: 127.0.0.1:35631
Startup Phase 3 complete. Ready for commands.
ConnectHandler: Request from 127.0.0.1:52324 accepted
ReadyHandler: 127.0.0.1:52324 ready
Requesting to join a single player game
Configuring interface options
Configure: raw interface enabled
Configure: feature layer interface disabled
Configure: score interface disabled
Configure: render interface disabled
Launching next game.
Next launch phase started: 2
Next launch phase started: 3
Next launch phase started: 4
Next launch phase started: 5
Next launch phase started: 6
Next launch phase started: 7
Next launch phase started: 8
Game has started.
Using default stable ids, none found at: /home/yamoling/3rdparty/StarCraftII/stableid.json
Successfully loaded stable ids: GameData\stableid.json
Sending ResponseJoinGame
RequestQuit command received.
Closing Application...
DataHandler: unable to parse websocket frame.
CloseHandler: 127.0.0.1:43862 disconnected
Version: B75689 (SC2.4.10)
Build: Aug 12 2019 17:16:57
Command Line: '"/home/yamoling/3rdparty/StarCraftII/Versions/Base75689/SC2_x64" -listen 127.0.0.1 -port 39283 -dataDir /home/yamoling/3rdparty/StarCraftII/ -tempDir /tmp/sc-cgr92657/'
Starting up...
Startup Phase 1 complete
Startup Phase 2 complete
Creating stub renderer...
Listening on: 127.0.0.1:39283
Startup Phase 3 complete. Ready for commands.
ConnectHandler: Request from 127.0.0.1:40684 accepted
ReadyHandler: 127.0.0.1:40684 ready
Requesting to join a single player game
Configuring interface options
Configure: raw interface enabled
Configure: feature layer interface disabled
Configure: score interface disabled
Configure: render interface disabled
Launching next game.
Next launch phase started: 2
Next launch phase started: 3
Next launch phase started: 4
Next launch phase started: 5
Next launch phase started: 6
Next launch phase started: 7
Next launch phase started: 8
Game has started.
Using default stable ids, none found at: /home/yamoling/3rdparty/StarCraftII/stableid.json
Successfully loaded stable ids: GameData\stableid.json
Sending ResponseJoinGame
RequestQuit command received.
Closing Application...
DataHandler: unable to parse websocket frame.
CloseHandler: 127.0.0.1:54764 disconnected
Version: B75689 (SC2.4.10)
Build: Aug 12 2019 17:16:57
Command Line: '"/home/yamoling/3rdparty/StarCraftII/Versions/Base75689/SC2_x64" -listen 127.0.0.1 -port 45615 -dataDir /home/yamoling/3rdparty/StarCraftII/ -tempDir /tmp/sc-bwxt9rme/'
Starting up...
Startup Phase 1 complete
Startup Phase 2 complete
Creating stub renderer...
Listening on: 127.0.0.1:45615
Startup Phase 3 complete. Ready for commands.
ConnectHandler: Request from 127.0.0.1:33958 accepted
ReadyHandler: 127.0.0.1:33958 ready
Requesting to join a single player game
Configuring interface options
Configure: raw interface enabled
Configure: feature layer interface disabled
Configure: score interface disabled
Configure: render interface disabled
Launching next game.
Next launch phase started: 2
Next launch phase started: 3
Next launch phase started: 4
Next launch phase started: 5
Next launch phase started: 6
Next launch phase started: 7
Next launch phase started: 8
Game has started.
Using default stable ids, none found at: /home/yamoling/3rdparty/StarCraftII/stableid.json
Successfully loaded stable ids: GameData\stableid.json
Sending ResponseJoinGame
RequestQuit command received.
Closing Application...
DataHandler: unable to parse websocket frame.
CloseHandler: 127.0.0.1:49490 disconnected
Version: B75689 (SC2.4.10)
Build: Aug 12 2019 17:16:57
Command Line: '"/home/yamoling/3rdparty/StarCraftII/Versions/Base75689/SC2_x64" -listen 127.0.0.1 -port 34725 -dataDir /home/yamoling/3rdparty/StarCraftII/ -tempDir /tmp/sc-00i7kcvr/'
Starting up...
Startup Phase 1 complete
Startup Phase 2 complete
Creating stub renderer...
Listening on: 127.0.0.1:34725
Startup Phase 3 complete. Ready for commands.
ConnectHandler: Request from 127.0.0.1:43718 accepted
ReadyHandler: 127.0.0.1:43718 ready
Requesting to join a single player game
Configuring interface options
Configure: raw interface enabled
Configure: feature layer interface disabled
Configure: score interface disabled
Configure: render interface disabled
Launching next game.
Next launch phase started: 2
Next launch phase started: 3
Next launch phase started: 4
Next launch phase started: 5
Next launch phase started: 6
Next launch phase started: 7
Next launch phase started: 8
Game has started.
Using default stable ids, none found at: /home/yamoling/3rdparty/StarCraftII/stableid.json
Successfully loaded stable ids: GameData\stableid.json
Sending ResponseJoinGame
RequestQuit command received.
Closing Application...
DataHandler: unable to parse websocket frame.
CloseHandler: 127.0.0.1:58134 disconnected
Version: B75689 (SC2.4.10)
Build: Aug 12 2019 17:16:57
Command Line: '"/home/yamoling/3rdparty/StarCraftII/Versions/Base75689/SC2_x64" -listen 127.0.0.1 -port 38333 -dataDir /home/yamoling/3rdparty/StarCraftII/ -tempDir /tmp/sc-pwcbn29q/'
Starting up...
Startup Phase 1 complete
Startup Phase 2 complete
Creating stub renderer...
Listening on: 127.0.0.1:38333
Startup Phase 3 complete. Ready for commands.
ConnectHandler: Request from 127.0.0.1:37442 accepted
ReadyHandler: 127.0.0.1:37442 ready
Requesting to join a single player game
Configuring interface options
Configure: raw interface enabled
Configure: feature layer interface disabled
Configure: score interface disabled
Configure: render interface disabled
Launching next game.
Next launch phase started: 2
Next launch phase started: 3
Next launch phase started: 4
Next launch phase started: 5
Next launch phase started: 6
Next launch phase started: 7
Next launch phase started: 8
Game has started.
Using default stable ids, none found at: /home/yamoling/3rdparty/StarCraftII/stableid.json
Successfully loaded stable ids: GameData\stableid.json
Sending ResponseJoinGame
DataHandler: unable to parse websocket frame.
CloseHandler: 127.0.0.1:40764 disconnected
RequestQuit command received.
QueueResponse: No outstanding requests to this connection, dropping response: quit, id: 999999999
Closing Application...
Version: B75689 (SC2.4.10)
Build: Aug 12 2019 17:16:57
Command Line: '"/home/yamoling/3rdparty/StarCraftII/Versions/Base75689/SC2_x64" -listen 127.0.0.1 -port 45467 -dataDir /home/yamoling/3rdparty/StarCraftII/ -tempDir /tmp/sc-8pb1b9jg/'
Starting up...
Startup Phase 1 complete
Startup Phase 2 complete
Creating stub renderer...
Listening on: 127.0.0.1:45467
Startup Phase 3 complete. Ready for commands.
ConnectHandler: Request from 127.0.0.1:57968 accepted
ReadyHandler: 127.0.0.1:57968 ready
Requesting to join a single player game
Configuring interface options
Configure: raw interface enabled
Configure: feature layer interface disabled
Configure: score interface disabled
Configure: render interface disabled
Launching next game.
Next launch phase started: 2
Next launch phase started: 3
Next launch phase started: 4
Next launch phase started: 5
Next launch phase started: 6
Next launch phase started: 7
Next launch phase started: 8
Game has started.
Using default stable ids, none found at: /home/yamoling/3rdparty/StarCraftII/stableid.json
Successfully loaded stable ids: GameData\stableid.json
Sending ResponseJoinGame
DataHandler: unable to parse websocket frame.
CloseHandler: 127.0.0.1:41908 disconnected
RequestQuit command received.
QueueResponse: No outstanding requests to this connection, dropping response: quit, id: 999999999
Closing Application...
Version: B75689 (SC2.4.10)
Build: Aug 12 2019 17:16:57
Command Line: '"/home/yamoling/3rdparty/StarCraftII/Versions/Base75689/SC2_x64" -listen 127.0.0.1 -port 43103 -dataDir /home/yamoling/3rdparty/StarCraftII/ -tempDir /tmp/sc-9_o7ev8w/'
Starting up...
Startup Phase 1 complete
Startup Phase 2 complete
Creating stub renderer...
Listening on: 127.0.0.1:43103
Startup Phase 3 complete. Ready for commands.
ConnectHandler: Request from 127.0.0.1:43320 accepted
ReadyHandler: 127.0.0.1:43320 ready
Requesting to join a single player game
Configuring interface options
Configure: raw interface enabled
Configure: feature layer interface disabled
Configure: score interface disabled
Configure: render interface disabled
Launching next game.
Next launch phase started: 2
Next launch phase started: 3
Next launch phase started: 4
Next launch phase started: 5
Next launch phase started: 6
Next launch phase started: 7
Next launch phase started: 8
Game has started.
Using default stable ids, none found at: /home/yamoling/3rdparty/StarCraftII/stableid.json
Successfully loaded stable ids: GameData\stableid.json
Sending ResponseJoinGame
RequestQuit command received.
DataHandler: unable to parse websocket frame.
CloseHandler: 127.0.0.1:36964 disconnected
Closing Application...
Version: B75689 (SC2.4.10)
Build: Aug 12 2019 17:16:57
Command Line: '"/home/yamoling/3rdparty/StarCraftII/Versions/Base75689/SC2_x64" -listen 127.0.0.1 -port 45649 -dataDir /home/yamoling/3rdparty/StarCraftII/ -tempDir /tmp/sc-q551z7h1/'
Starting up...
Startup Phase 1 complete
Startup Phase 2 complete
Creating stub renderer...
Listening on: 127.0.0.1:45649
Startup Phase 3 complete. Ready for commands.
ConnectHandler: Request from 127.0.0.1:42476 accepted
ReadyHandler: 127.0.0.1:42476 ready
Requesting to join a single player game
Configuring interface options
Configure: raw interface enabled
Configure: feature layer interface disabled
Configure: score interface disabled
Configure: render interface disabled
Launching next game.
Next launch phase started: 2
Next launch phase started: 3
Next launch phase started: 4
Next launch phase started: 5
Next launch phase started: 6
Next launch phase started: 7
Next launch phase started: 8
Game has started.
Using default stable ids, none found at: /home/yamoling/3rdparty/StarCraftII/stableid.json
Successfully loaded stable ids: GameData\stableid.json
Sending ResponseJoinGame
RequestQuit command received.
DataHandler: unable to parse websocket frame.
CloseHandler: 127.0.0.1:38442 disconnected
Closing Application...
Version: B75689 (SC2.4.10)
Build: Aug 12 2019 17:16:57
Command Line: '"/home/yamoling/3rdparty/StarCraftII/Versions/Base75689/SC2_x64" -listen 127.0.0.1 -port 39325 -dataDir /home/yamoling/3rdparty/StarCraftII/ -tempDir /tmp/sc-fy1h9s98/'
Starting up...
Startup Phase 1 complete
Startup Phase 2 complete
Creating stub renderer...
Listening on: 127.0.0.1:39325
Startup Phase 3 complete. Ready for commands.
ConnectHandler: Request from 127.0.0.1:39494 accepted
ReadyHandler: 127.0.0.1:39494 ready
Requesting to join a single player game
Configuring interface options
Configure: raw interface enabled
Configure: feature layer interface disabled
Configure: score interface disabled
Configure: render interface disabled
Launching next game.
Next launch phase started: 2
Next launch phase started: 3
Next launch phase started: 4
Next launch phase started: 5
Next launch phase started: 6
Next launch phase started: 7
Next launch phase started: 8
Game has started.
Using default stable ids, none found at: /home/yamoling/3rdparty/StarCraftII/stableid.json
Successfully loaded stable ids: GameData\stableid.json
Sending ResponseJoinGame
RequestQuit command received.
Closing Application...
DataHandler: unable to parse websocket frame.
CloseHandler: 127.0.0.1:37754 disconnected
Version: B75689 (SC2.4.10)
Build: Aug 12 2019 17:16:57
Command Line: '"/home/yamoling/3rdparty/StarCraftII/Versions/Base75689/SC2_x64" -listen 127.0.0.1 -port 37445 -dataDir /home/yamoling/3rdparty/StarCraftII/ -tempDir /tmp/sc-d78pepwf/'
Starting up...
Startup Phase 1 complete
RequestQuit command received.
Closing Application...
DataHandler: unable to parse websocket frame.
CloseHandler: 127.0.0.1:46748 disconnected
Version: B75689 (SC2.4.10)
Build: Aug 12 2019 17:16:57
Command Line: '"/home/yamoling/3rdparty/StarCraftII/Versions/Base75689/SC2_x64" -listen 127.0.0.1 -port 46647 -dataDir /home/yamoling/3rdparty/StarCraftII/ -tempDir /tmp/sc-5m29owu0/'
Starting up...
Startup Phase 1 complete
Startup Phase 2 complete
Creating stub renderer...
Listening on: 127.0.0.1:37445
Startup Phase 3 complete. Ready for commands.
Startup Phase 2 complete
Creating stub renderer...
ConnectHandler: Request from 127.0.0.1:37634 accepted
ReadyHandler: 127.0.0.1:37634 ready
Requesting to join a single player game
Configuring interface options
Configure: raw interface enabled
Configure: feature layer interface disabled
Configure: score interface disabled
Configure: render interface disabled
Launching next game.
Next launch phase started: 2
Next launch phase started: 3
Next launch phase started: 4
Next launch phase started: 5
Next launch phase started: 6
Next launch phase started: 7
Next launch phase started: 8
Listening on: 127.0.0.1:46647
Startup Phase 3 complete. Ready for commands.
ConnectHandler: Request from 127.0.0.1:41866 accepted
ReadyHandler: 127.0.0.1:41866 ready
Requesting to join a single player game
Configuring interface options
Configure: raw interface enabled
Configure: feature layer interface disabled
Configure: score interface disabled
Configure: render interface disabled
Launching next game.
Next launch phase started: 2
Next launch phase started: 3
Next launch phase started: 4
Next launch phase started: 5
Next launch phase started: 6
Next launch phase started: 7
Next launch phase started: 8
Game has started.
Using default stable ids, none found at: /home/yamoling/3rdparty/StarCraftII/stableid.json
Successfully loaded stable ids: GameData\stableid.json
Sending ResponseJoinGame
Game has started.
Using default stable ids, none found at: /home/yamoling/3rdparty/StarCraftII/stableid.json
Successfully loaded stable ids: GameData\stableid.json
Sending ResponseJoinGame
RequestQuit command received.
Closing Application...
DataHandler: unable to parse websocket frame.
CloseHandler: 127.0.0.1:56132 disconnected
Version: B75689 (SC2.4.10)
Build: Aug 12 2019 17:16:57
Command Line: '"/home/yamoling/3rdparty/StarCraftII/Versions/Base75689/SC2_x64" -listen 127.0.0.1 -port 34833 -dataDir /home/yamoling/3rdparty/StarCraftII/ -tempDir /tmp/sc-8_rgsfii/'
Starting up...
Startup Phase 1 complete
Startup Phase 2 complete
Creating stub renderer...
Listening on: 127.0.0.1:34833
Startup Phase 3 complete. Ready for commands.
ConnectHandler: Request from 127.0.0.1:44110 accepted
ReadyHandler: 127.0.0.1:44110 ready
Requesting to join a single player game
Configuring interface options
Configure: raw interface enabled
Configure: feature layer interface disabled
Configure: score interface disabled
Configure: render interface disabled
Launching next game.
Next launch phase started: 2
Next launch phase started: 3
Next launch phase started: 4
Next launch phase started: 5
Next launch phase started: 6
Next launch phase started: 7
Next launch phase started: 8
Game has started.
Using default stable ids, none found at: /home/yamoling/3rdparty/StarCraftII/stableid.json
Successfully loaded stable ids: GameData\stableid.json
Sending ResponseJoinGame
RequestQuit command received.
DataHandler: unable to parse websocket frame.
Closing Application...
CloseHandler: 127.0.0.1:33286 disconnected
Version: B75689 (SC2.4.10)
Build: Aug 12 2019 17:16:57
Command Line: '"/home/yamoling/3rdparty/StarCraftII/Versions/Base75689/SC2_x64" -listen 127.0.0.1 -port 37765 -dataDir /home/yamoling/3rdparty/StarCraftII/ -tempDir /tmp/sc-w209wbun/'
Starting up...
Startup Phase 1 complete
Startup Phase 2 complete
Creating stub renderer...
Listening on: 127.0.0.1:37765
Startup Phase 3 complete. Ready for commands.
ConnectHandler: Request from 127.0.0.1:45796 accepted
ReadyHandler: 127.0.0.1:45796 ready
Requesting to join a single player game
Configuring interface options
Configure: raw interface enabled
Configure: feature layer interface disabled
Configure: score interface disabled
Configure: render interface disabled
Launching next game.
Next launch phase started: 2
Next launch phase started: 3
Next launch phase started: 4
Next launch phase started: 5
Next launch phase started: 6
Next launch phase started: 7
Next launch phase started: 8
RequestQuit command received.
DataHandler: unable to parse websocket frame.
Closing Application...
CloseHandler: 127.0.0.1:50562 disconnected
Version: B75689 (SC2.4.10)
Build: Aug 12 2019 17:16:57
Command Line: '"/home/yamoling/3rdparty/StarCraftII/Versions/Base75689/SC2_x64" -listen 127.0.0.1 -port 34685 -dataDir /home/yamoling/3rdparty/StarCraftII/ -tempDir /tmp/sc-s9qdfr91/'
Starting up...
Startup Phase 1 complete
Startup Phase 2 complete
Creating stub renderer...
Listening on: 127.0.0.1:34685
Startup Phase 3 complete. Ready for commands.
ConnectHandler: Request from 127.0.0.1:56866 accepted
ReadyHandler: 127.0.0.1:56866 ready
Requesting to join a single player game
Configuring interface options
Configure: raw interface enabled
Configure: feature layer interface disabled
Configure: score interface disabled
Configure: render interface disabled
Launching next game.
Next launch phase started: 2
Next launch phase started: 3
Next launch phase started: 4
Next launch phase started: 5
Next launch phase started: 6
Next launch phase started: 7
Next launch phase started: 8
Game has started.
Using default stable ids, none found at: /home/yamoling/3rdparty/StarCraftII/stableid.json
Successfully loaded stable ids: GameData\stableid.json
Sending ResponseJoinGame
Game has started.
Using default stable ids, none found at: /home/yamoling/3rdparty/StarCraftII/stableid.json
Successfully loaded stable ids: GameData\stableid.json
Sending ResponseJoinGame
RequestQuit command received.
Closing Application...
DataHandler: unable to parse websocket frame.
CloseHandler: 127.0.0.1:60486 disconnected
Version: B75689 (SC2.4.10)
Build: Aug 12 2019 17:16:57
Command Line: '"/home/yamoling/3rdparty/StarCraftII/Versions/Base75689/SC2_x64" -listen 127.0.0.1 -port 44971 -dataDir /home/yamoling/3rdparty/StarCraftII/ -tempDir /tmp/sc-s6r9xbne/'
Starting up...
Startup Phase 1 complete
Startup Phase 2 complete
Creating stub renderer...
Listening on: 127.0.0.1:44971
Startup Phase 3 complete. Ready for commands.
ConnectHandler: Request from 127.0.0.1:52210 accepted
ReadyHandler: 127.0.0.1:52210 ready
Requesting to join a single player game
Configuring interface options
Configure: raw interface enabled
Configure: feature layer interface disabled
Configure: score interface disabled
Configure: render interface disabled
Launching next game.
Next launch phase started: 2
Next launch phase started: 3
Next launch phase started: 4
Next launch phase started: 5
Next launch phase started: 6
Next launch phase started: 7
Next launch phase started: 8
Game has started.
Using default stable ids, none found at: /home/yamoling/3rdparty/StarCraftII/stableid.json
Successfully loaded stable ids: GameData\stableid.json
Sending ResponseJoinGame
DataHandler: unable to parse websocket frame.
RequestQuit command received.
Closing Application...
CloseHandler: 127.0.0.1:47090 disconnected
Version: B75689 (SC2.4.10)
Build: Aug 12 2019 17:16:57
Command Line: '"/home/yamoling/3rdparty/StarCraftII/Versions/Base75689/SC2_x64" -listen 127.0.0.1 -port 38723 -dataDir /home/yamoling/3rdparty/StarCraftII/ -tempDir /tmp/sc-_chm420l/'
Starting up...
Startup Phase 1 complete
Startup Phase 2 complete
Creating stub renderer...
Listening on: 127.0.0.1:38723
Startup Phase 3 complete. Ready for commands.
ConnectHandler: Request from 127.0.0.1:40776 accepted
ReadyHandler: 127.0.0.1:40776 ready
Requesting to join a single player game
Configuring interface options
Configure: raw interface enabled
Configure: feature layer interface disabled
Configure: score interface disabled
Configure: render interface disabled
Launching next game.
Next launch phase started: 2
Next launch phase started: 3
Next launch phase started: 4
Next launch phase started: 5
Next launch phase started: 6
Next launch phase started: 7
Next launch phase started: 8
RequestQuit command received.
DataHandler: unable to parse websocket frame.
Closing Application...
CloseHandler: 127.0.0.1:40126 disconnected
Version: B75689 (SC2.4.10)
Build: Aug 12 2019 17:16:57
Command Line: '"/home/yamoling/3rdparty/StarCraftII/Versions/Base75689/SC2_x64" -listen 127.0.0.1 -port 37453 -dataDir /home/yamoling/3rdparty/StarCraftII/ -tempDir /tmp/sc-3d35e3us/'
Starting up...
Startup Phase 1 complete
Startup Phase 2 complete
Creating stub renderer...
Listening on: 127.0.0.1:37453
Startup Phase 3 complete. Ready for commands.
Game has started.
Using default stable ids, none found at: /home/yamoling/3rdparty/StarCraftII/stableid.json
Successfully loaded stable ids: GameData\stableid.json
Sending ResponseJoinGame
ConnectHandler: Request from 127.0.0.1:39254 accepted
ReadyHandler: 127.0.0.1:39254 ready
Requesting to join a single player game
Configuring interface options
Configure: raw interface enabled
Configure: feature layer interface disabled
Configure: score interface disabled
Configure: render interface disabled
Launching next game.
Next launch phase started: 2
Next launch phase started: 3
Next launch phase started: 4
Next launch phase started: 5
Next launch phase started: 6
Next launch phase started: 7
Next launch phase started: 8
Game has started.
Using default stable ids, none found at: /home/yamoling/3rdparty/StarCraftII/stableid.json
Successfully loaded stable ids: GameData\stableid.json
Sending ResponseJoinGame
DataHandler: unable to parse websocket frame.
CloseHandler: 127.0.0.1:52324 disconnected
RequestQuit command received.
QueueResponse: No outstanding requests to this connection, dropping response: quit, id: 999999999
Closing Application...
Version: B75689 (SC2.4.10)
Build: Aug 12 2019 17:16:57
Command Line: '"/home/yamoling/3rdparty/StarCraftII/Versions/Base75689/SC2_x64" -listen 127.0.0.1 -port 42953 -dataDir /home/yamoling/3rdparty/StarCraftII/ -tempDir /tmp/sc-82n57ybo/'
Starting up...
Startup Phase 1 complete
Startup Phase 2 complete
Creating stub renderer...
Listening on: 127.0.0.1:42953
Startup Phase 3 complete. Ready for commands.
ConnectHandler: Request from 127.0.0.1:45482 accepted
ReadyHandler: 127.0.0.1:45482 ready
Requesting to join a single player game
Configuring interface options
Configure: raw interface enabled
Configure: feature layer interface disabled
Configure: score interface disabled
Configure: render interface disabled
Launching next game.
Next launch phase started: 2
Next launch phase started: 3
Next launch phase started: 4
Next launch phase started: 5
Next launch phase started: 6
Next launch phase started: 7
Next launch phase started: 8
Game has started.
Using default stable ids, none found at: /home/yamoling/3rdparty/StarCraftII/stableid.json
Successfully loaded stable ids: GameData\stableid.json
Sending ResponseJoinGame
RequestQuit command received.
Closing Application...
DataHandler: unable to parse websocket frame.
CloseHandler: 127.0.0.1:42602 disconnected
Version: B75689 (SC2.4.10)
Build: Aug 12 2019 17:16:57
Command Line: '"/home/yamoling/3rdparty/StarCraftII/Versions/Base75689/SC2_x64" -listen 127.0.0.1 -port 32917 -dataDir /home/yamoling/3rdparty/StarCraftII/ -tempDir /tmp/sc-8mfrl2z5/'
Starting up...
Startup Phase 1 complete
Startup Phase 2 complete
Creating stub renderer...
Listening on: 127.0.0.1:32917
Startup Phase 3 complete. Ready for commands.
ConnectHandler: Request from 127.0.0.1:43400 accepted
ReadyHandler: 127.0.0.1:43400 ready
Requesting to join a single player game
Configuring interface options
Configure: raw interface enabled
Configure: feature layer interface disabled
Configure: score interface disabled
Configure: render interface disabled
Launching next game.
Next launch phase started: 2
Next launch phase started: 3
Next launch phase started: 4
Next launch phase started: 5
Next launch phase started: 6
Next launch phase started: 7
Next launch phase started: 8
Game has started.
Using default stable ids, none found at: /home/yamoling/3rdparty/StarCraftII/stableid.json
Successfully loaded stable ids: GameData\stableid.json
Sending ResponseJoinGame
RequestQuit command received.
Closing Application...
DataHandler: unable to parse websocket frame.
CloseHandler: 127.0.0.1:40684 disconnected
Version: B75689 (SC2.4.10)
Build: Aug 12 2019 17:16:57
Command Line: '"/home/yamoling/3rdparty/StarCraftII/Versions/Base75689/SC2_x64" -listen 127.0.0.1 -port 33567 -dataDir /home/yamoling/3rdparty/StarCraftII/ -tempDir /tmp/sc-63y_sue5/'
Starting up...
Startup Phase 1 complete
Startup Phase 2 complete
Creating stub renderer...
Listening on: 127.0.0.1:33567
Startup Phase 3 complete. Ready for commands.
ConnectHandler: Request from 127.0.0.1:60622 accepted
ReadyHandler: 127.0.0.1:60622 ready
Requesting to join a single player game
Configuring interface options
Configure: raw interface enabled
Configure: feature layer interface disabled
Configure: score interface disabled
Configure: render interface disabled
Launching next game.
Next launch phase started: 2
Next launch phase started: 3
Next launch phase started: 4
Next launch phase started: 5
Next launch phase started: 6
Next launch phase started: 7
Next launch phase started: 8
Game has started.
Using default stable ids, none found at: /home/yamoling/3rdparty/StarCraftII/stableid.json
Successfully loaded stable ids: GameData\stableid.json
Sending ResponseJoinGame
RequestQuit command received.
Closing Application...
DataHandler: unable to parse websocket frame.
CloseHandler: 127.0.0.1:33958 disconnected
Version: B75689 (SC2.4.10)
Build: Aug 12 2019 17:16:57
Command Line: '"/home/yamoling/3rdparty/StarCraftII/Versions/Base75689/SC2_x64" -listen 127.0.0.1 -port 44841 -dataDir /home/yamoling/3rdparty/StarCraftII/ -tempDir /tmp/sc-8ly0lgk9/'
Starting up...
Startup Phase 1 complete
Startup Phase 2 complete
Creating stub renderer...
Listening on: 127.0.0.1:44841
Startup Phase 3 complete. Ready for commands.
ConnectHandler: Request from 127.0.0.1:45286 accepted
ReadyHandler: 127.0.0.1:45286 ready
Requesting to join a single player game
Configuring interface options
Configure: raw interface enabled
Configure: feature layer interface disabled
Configure: score interface disabled
Configure: render interface disabled
Launching next game.
Next launch phase started: 2
Next launch phase started: 3
Next launch phase started: 4
Next launch phase started: 5
Next launch phase started: 6
Next launch phase started: 7
Next launch phase started: 8
Game has started.
Using default stable ids, none found at: /home/yamoling/3rdparty/StarCraftII/stableid.json
Successfully loaded stable ids: GameData\stableid.json
Sending ResponseJoinGame
RequestQuit command received.
DataHandler: unable to parse websocket frame.
Closing Application...
CloseHandler: 127.0.0.1:43718 disconnected
Version: B75689 (SC2.4.10)
Build: Aug 12 2019 17:16:57
Command Line: '"/home/yamoling/3rdparty/StarCraftII/Versions/Base75689/SC2_x64" -listen 127.0.0.1 -port 46843 -dataDir /home/yamoling/3rdparty/StarCraftII/ -tempDir /tmp/sc-_kg28z4n/'
Starting up...
Startup Phase 1 complete
Startup Phase 2 complete
Creating stub renderer...
Listening on: 127.0.0.1:46843
Startup Phase 3 complete. Ready for commands.
ConnectHandler: Request from 127.0.0.1:39626 accepted
ReadyHandler: 127.0.0.1:39626 ready
Requesting to join a single player game
Configuring interface options
Configure: raw interface enabled
Configure: feature layer interface disabled
Configure: score interface disabled
Configure: render interface disabled
Launching next game.
Next launch phase started: 2
Next launch phase started: 3
Next launch phase started: 4
Next launch phase started: 5
Next launch phase started: 6
Next launch phase started: 7
Next launch phase started: 8
Game has started.
Using default stable ids, none found at: /home/yamoling/3rdparty/StarCraftII/stableid.json
Successfully loaded stable ids: GameData\stableid.json
Sending ResponseJoinGame
RequestQuit command received.
Closing Application...
DataHandler: unable to parse websocket frame.
CloseHandler: 127.0.0.1:37442 disconnected
Version: B75689 (SC2.4.10)
Build: Aug 12 2019 17:16:57
Command Line: '"/home/yamoling/3rdparty/StarCraftII/Versions/Base75689/SC2_x64" -listen 127.0.0.1 -port 35293 -dataDir /home/yamoling/3rdparty/StarCraftII/ -tempDir /tmp/sc-abagx2_s/'
Starting up...
Startup Phase 1 complete
Startup Phase 2 complete
Creating stub renderer...
Listening on: 127.0.0.1:35293
Startup Phase 3 complete. Ready for commands.
ConnectHandler: Request from 127.0.0.1:60586 accepted
ReadyHandler: 127.0.0.1:60586 ready
Requesting to join a single player game
Configuring interface options
Configure: raw interface enabled
Configure: feature layer interface disabled
Configure: score interface disabled
Configure: render interface disabled
Launching next game.
Next launch phase started: 2
Next launch phase started: 3
Next launch phase started: 4
Next launch phase started: 5
Next launch phase started: 6
Next launch phase started: 7
Next launch phase started: 8
Game has started.
Using default stable ids, none found at: /home/yamoling/3rdparty/StarCraftII/stableid.json
Successfully loaded stable ids: GameData\stableid.json
Sending ResponseJoinGame
RequestQuit command received.
DataHandler: unable to parse websocket frame.
Closing Application...
CloseHandler: 127.0.0.1:57968 disconnected
Version: B75689 (SC2.4.10)
Build: Aug 12 2019 17:16:57
Command Line: '"/home/yamoling/3rdparty/StarCraftII/Versions/Base75689/SC2_x64" -listen 127.0.0.1 -port 42889 -dataDir /home/yamoling/3rdparty/StarCraftII/ -tempDir /tmp/sc-dhb6_2j5/'
Starting up...
Startup Phase 1 complete
Startup Phase 2 complete
Creating stub renderer...
Listening on: 127.0.0.1:42889
Startup Phase 3 complete. Ready for commands.
ConnectHandler: Request from 127.0.0.1:47024 accepted
ReadyHandler: 127.0.0.1:47024 ready
Requesting to join a single player game
Configuring interface options
Configure: raw interface enabled
Configure: feature layer interface disabled
Configure: score interface disabled
Configure: render interface disabled
Launching next game.
Next launch phase started: 2
Next launch phase started: 3
Next launch phase started: 4
Next launch phase started: 5
Next launch phase started: 6
Next launch phase started: 7
Next launch phase started: 8
Game has started.
Using default stable ids, none found at: /home/yamoling/3rdparty/StarCraftII/stableid.json
Successfully loaded stable ids: GameData\stableid.json
Sending ResponseJoinGame
RequestQuit command received.
DataHandler: unable to parse websocket frame.
Closing Application...
CloseHandler: 127.0.0.1:43320 disconnected
Version: B75689 (SC2.4.10)
Build: Aug 12 2019 17:16:57
Command Line: '"/home/yamoling/3rdparty/StarCraftII/Versions/Base75689/SC2_x64" -listen 127.0.0.1 -port 43087 -dataDir /home/yamoling/3rdparty/StarCraftII/ -tempDir /tmp/sc-ojlhoo4i/'
Starting up...
Startup Phase 1 complete
Startup Phase 2 complete
Creating stub renderer...
Listening on: 127.0.0.1:43087
Startup Phase 3 complete. Ready for commands.
ConnectHandler: Request from 127.0.0.1:59048 accepted
ReadyHandler: 127.0.0.1:59048 ready
Requesting to join a single player game
Configuring interface options
Configure: raw interface enabled
Configure: feature layer interface disabled
Configure: score interface disabled
Configure: render interface disabled
Launching next game.
Next launch phase started: 2
Next launch phase started: 3
Next launch phase started: 4
Next launch phase started: 5
Next launch phase started: 6
Next launch phase started: 7
Next launch phase started: 8
Game has started.
Using default stable ids, none found at: /home/yamoling/3rdparty/StarCraftII/stableid.json
Successfully loaded stable ids: GameData\stableid.json
Sending ResponseJoinGame
RequestQuit command received.
Closing Application...
DataHandler: unable to parse websocket frame.
CloseHandler: 127.0.0.1:42476 disconnected
Version: B75689 (SC2.4.10)
Build: Aug 12 2019 17:16:57
Command Line: '"/home/yamoling/3rdparty/StarCraftII/Versions/Base75689/SC2_x64" -listen 127.0.0.1 -port 40693 -dataDir /home/yamoling/3rdparty/StarCraftII/ -tempDir /tmp/sc-uzosfc89/'
Starting up...
Startup Phase 1 complete
Startup Phase 2 complete
Creating stub renderer...
Listening on: 127.0.0.1:40693
Startup Phase 3 complete. Ready for commands.
ConnectHandler: Request from 127.0.0.1:43626 accepted
ReadyHandler: 127.0.0.1:43626 ready
Requesting to join a single player game
Configuring interface options
Configure: raw interface enabled
Configure: feature layer interface disabled
Configure: score interface disabled
Configure: render interface disabled
Launching next game.
Next launch phase started: 2
Next launch phase started: 3
Next launch phase started: 4
Next launch phase started: 5
Next launch phase started: 6
Next launch phase started: 7
Next launch phase started: 8
Game has started.
Using default stable ids, none found at: /home/yamoling/3rdparty/StarCraftII/stableid.json
Successfully loaded stable ids: GameData\stableid.json
Sending ResponseJoinGame
RequestQuit command received.
DataHandler: unable to parse websocket frame.
CloseHandler: 127.0.0.1:41866 disconnected
Closing Application...
RequestQuit command received.
Closing Application...
DataHandler: unable to parse websocket frame.
CloseHandler: 127.0.0.1:39494 disconnected
Version: B75689 (SC2.4.10)
Build: Aug 12 2019 17:16:57
Command Line: '"/home/yamoling/3rdparty/StarCraftII/Versions/Base75689/SC2_x64" -listen 127.0.0.1 -port 46205 -dataDir /home/yamoling/3rdparty/StarCraftII/ -tempDir /tmp/sc-mbdsc03q/'
Starting up...
Startup Phase 1 complete
Version: B75689 (SC2.4.10)
Build: Aug 12 2019 17:16:57
Command Line: '"/home/yamoling/3rdparty/StarCraftII/Versions/Base75689/SC2_x64" -listen 127.0.0.1 -port 33833 -dataDir /home/yamoling/3rdparty/StarCraftII/ -tempDir /tmp/sc-wqw94tgu/'
Starting up...
Startup Phase 1 complete
Startup Phase 2 complete
Creating stub renderer...
Startup Phase 2 complete
Creating stub renderer...
Listening on: 127.0.0.1:46205
Listening on: 127.0.0.1:33833
Startup Phase 3 complete. Ready for commands.
Startup Phase 3 complete. Ready for commands.
ConnectHandler: Request from 127.0.0.1:41166 accepted
ReadyHandler: 127.0.0.1:41166 ready
Requesting to join a single player game
Configuring interface options
Configure: raw interface enabled
Configure: feature layer interface disabled
Configure: score interface disabled
Configure: render interface disabled
Launching next game.
Next launch phase started: 2
Next launch phase started: 3
Next launch phase started: 4
Next launch phase started: 5
Next launch phase started: 6
Next launch phase started: 7
Next launch phase started: 8
ConnectHandler: Request from 127.0.0.1:60512 accepted
ReadyHandler: 127.0.0.1:60512 ready
Requesting to join a single player game
Configuring interface options
Configure: raw interface enabled
Configure: feature layer interface disabled
Configure: score interface disabled
Configure: render interface disabled
Launching next game.
Next launch phase started: 2
Next launch phase started: 3
Next launch phase started: 4
Next launch phase started: 5
Next launch phase started: 6
Next launch phase started: 7
Next launch phase started: 8
Game has started.
Using default stable ids, none found at: /home/yamoling/3rdparty/StarCraftII/stableid.json
Successfully loaded stable ids: GameData\stableid.json
Sending ResponseJoinGame
Game has started.
Using default stable ids, none found at: /home/yamoling/3rdparty/StarCraftII/stableid.json
Successfully loaded stable ids: GameData\stableid.json
Sending ResponseJoinGame
RequestQuit command received.
Closing Application...
DataHandler: unable to parse websocket frame.
CloseHandler: 127.0.0.1:37634 disconnected
Version: B75689 (SC2.4.10)
Build: Aug 12 2019 17:16:57
Command Line: '"/home/yamoling/3rdparty/StarCraftII/Versions/Base75689/SC2_x64" -listen 127.0.0.1 -port 34991 -dataDir /home/yamoling/3rdparty/StarCraftII/ -tempDir /tmp/sc-5msw66re/'
Starting up...
Startup Phase 1 complete
Startup Phase 2 complete
Creating stub renderer...
Listening on: 127.0.0.1:34991
Startup Phase 3 complete. Ready for commands.
ConnectHandler: Request from 127.0.0.1:56728 accepted
ReadyHandler: 127.0.0.1:56728 ready
Requesting to join a single player game
Configuring interface options
Configure: raw interface enabled
Configure: feature layer interface disabled
Configure: score interface disabled
Configure: render interface disabled
Launching next game.
Next launch phase started: 2
Next launch phase started: 3
Next launch phase started: 4
Next launch phase started: 5
Next launch phase started: 6
Next launch phase started: 7
Next launch phase started: 8
Game has started.
Using default stable ids, none found at: /home/yamoling/3rdparty/StarCraftII/stableid.json
Successfully loaded stable ids: GameData\stableid.json
Sending ResponseJoinGame
RequestQuit command received.
Closing Application...
DataHandler: unable to parse websocket frame.
CloseHandler: 127.0.0.1:58980 disconnected
Version: B75689 (SC2.4.10)
Build: Aug 12 2019 17:16:57
Command Line: '"/home/yamoling/3rdparty/StarCraftII/Versions/Base75689/SC2_x64" -listen 127.0.0.1 -port 33881 -dataDir /home/yamoling/3rdparty/StarCraftII/ -tempDir /tmp/sc-4dclplj5/'
Starting up...
Startup Phase 1 complete
Startup Phase 2 complete
Creating stub renderer...
Listening on: 127.0.0.1:33881
Startup Phase 3 complete. Ready for commands.
ConnectHandler: Request from 127.0.0.1:33542 accepted
ReadyHandler: 127.0.0.1:33542 ready
Requesting to join a single player game
Configuring interface options
Configure: raw interface enabled
Configure: feature layer interface disabled
Configure: score interface disabled
Configure: render interface disabled
Launching next game.
Next launch phase started: 2
Next launch phase started: 3
Next launch phase started: 4
Next launch phase started: 5
Next launch phase started: 6
Next launch phase started: 7
Next launch phase started: 8
Game has started.
Using default stable ids, none found at: /home/yamoling/3rdparty/StarCraftII/stableid.json
Successfully loaded stable ids: GameData\stableid.json
Sending ResponseJoinGame
RequestQuit command received.
DataHandler: unable to parse websocket frame.
Closing Application...
CloseHandler: 127.0.0.1:54246 disconnected
Version: B75689 (SC2.4.10)
Build: Aug 12 2019 17:16:57
Command Line: '"/home/yamoling/3rdparty/StarCraftII/Versions/Base75689/SC2_x64" -listen 127.0.0.1 -port 35509 -dataDir /home/yamoling/3rdparty/StarCraftII/ -tempDir /tmp/sc-vha7jfum/'
Starting up...
Startup Phase 1 complete
Startup Phase 2 complete
Creating stub renderer...
Listening on: 127.0.0.1:35509
Startup Phase 3 complete. Ready for commands.
ConnectHandler: Request from 127.0.0.1:34120 accepted
ReadyHandler: 127.0.0.1:34120 ready
Requesting to join a single player game
Configuring interface options
Configure: raw interface enabled
Configure: feature layer interface disabled
Configure: score interface disabled
Configure: render interface disabled
Launching next game.
Next launch phase started: 2
Next launch phase started: 3
Next launch phase started: 4
Next launch phase started: 5
Next launch phase started: 6
Next launch phase started: 7
Next launch phase started: 8
Game has started.
Using default stable ids, none found at: /home/yamoling/3rdparty/StarCraftII/stableid.json
Successfully loaded stable ids: GameData\stableid.json
Sending ResponseJoinGame
RequestQuit command received.
Closing Application...
DataHandler: unable to parse websocket frame.
CloseHandler: 127.0.0.1:44110 disconnected
Version: B75689 (SC2.4.10)
Build: Aug 12 2019 17:16:57
Command Line: '"/home/yamoling/3rdparty/StarCraftII/Versions/Base75689/SC2_x64" -listen 127.0.0.1 -port 36329 -dataDir /home/yamoling/3rdparty/StarCraftII/ -tempDir /tmp/sc-t1ysipe3/'
Starting up...
Startup Phase 1 complete
Startup Phase 2 complete
Creating stub renderer...
Listening on: 127.0.0.1:36329
Startup Phase 3 complete. Ready for commands.
ConnectHandler: Request from 127.0.0.1:56570 accepted
ReadyHandler: 127.0.0.1:56570 ready
Requesting to join a single player game
Configuring interface options
Configure: raw interface enabled
Configure: feature layer interface disabled
Configure: score interface disabled
Configure: render interface disabled
Launching next game.
Next launch phase started: 2
Next launch phase started: 3
Next launch phase started: 4
Next launch phase started: 5
Next launch phase started: 6
Next launch phase started: 7
Next launch phase started: 8
Game has started.
Using default stable ids, none found at: /home/yamoling/3rdparty/StarCraftII/stableid.json
Successfully loaded stable ids: GameData\stableid.json
Sending ResponseJoinGame
RequestQuit command received.
Closing Application...
DataHandler: unable to parse websocket frame.
CloseHandler: 127.0.0.1:56866 disconnected
Version: B75689 (SC2.4.10)
Build: Aug 12 2019 17:16:57
Command Line: '"/home/yamoling/3rdparty/StarCraftII/Versions/Base75689/SC2_x64" -listen 127.0.0.1 -port 45871 -dataDir /home/yamoling/3rdparty/StarCraftII/ -tempDir /tmp/sc-1srmtl4z/'
Starting up...
Startup Phase 1 complete
Startup Phase 2 complete
Creating stub renderer...
Listening on: 127.0.0.1:45871
Startup Phase 3 complete. Ready for commands.
ConnectHandler: Request from 127.0.0.1:36236 accepted
ReadyHandler: 127.0.0.1:36236 ready
Requesting to join a single player game
Configuring interface options
Configure: raw interface enabled
Configure: feature layer interface disabled
Configure: score interface disabled
Configure: render interface disabled
Launching next game.
Next launch phase started: 2
Next launch phase started: 3
Next launch phase started: 4
Next launch phase started: 5
Next launch phase started: 6
Next launch phase started: 7
Next launch phase started: 8
Game has started.
Using default stable ids, none found at: /home/yamoling/3rdparty/StarCraftII/stableid.json
Successfully loaded stable ids: GameData\stableid.json
Sending ResponseJoinGame
RequestQuit command received.
Closing Application...
DataHandler: unable to parse websocket frame.
CloseHandler: 127.0.0.1:45796 disconnected
Version: B75689 (SC2.4.10)
Build: Aug 12 2019 17:16:57
Command Line: '"/home/yamoling/3rdparty/StarCraftII/Versions/Base75689/SC2_x64" -listen 127.0.0.1 -port 41473 -dataDir /home/yamoling/3rdparty/StarCraftII/ -tempDir /tmp/sc-nhh5xe6u/'
Starting up...
Startup Phase 1 complete
Startup Phase 2 complete
Creating stub renderer...
Listening on: 127.0.0.1:41473
Startup Phase 3 complete. Ready for commands.
ConnectHandler: Request from 127.0.0.1:40108 accepted
ReadyHandler: 127.0.0.1:40108 ready
Requesting to join a single player game
Configuring interface options
Configure: raw interface enabled
Configure: feature layer interface disabled
Configure: score interface disabled
Configure: render interface disabled
Launching next game.
Next launch phase started: 2
Next launch phase started: 3
Next launch phase started: 4
Next launch phase started: 5
Next launch phase started: 6
Next launch phase started: 7
Next launch phase started: 8
Game has started.
Using default stable ids, none found at: /home/yamoling/3rdparty/StarCraftII/stableid.json
Successfully loaded stable ids: GameData\stableid.json
Sending ResponseJoinGame
RequestQuit command received.
Closing Application...
DataHandler: unable to parse websocket frame.
CloseHandler: 127.0.0.1:54064 disconnected
Version: B75689 (SC2.4.10)
Build: Aug 12 2019 17:16:57
Command Line: '"/home/yamoling/3rdparty/StarCraftII/Versions/Base75689/SC2_x64" -listen 127.0.0.1 -port 41337 -dataDir /home/yamoling/3rdparty/StarCraftII/ -tempDir /tmp/sc-p_dt3zye/'
Starting up...
Startup Phase 1 complete
Startup Phase 2 complete
Creating stub renderer...
Listening on: 127.0.0.1:41337
Startup Phase 3 complete. Ready for commands.
ConnectHandler: Request from 127.0.0.1:41676 accepted
ReadyHandler: 127.0.0.1:41676 ready
Requesting to join a single player game
Configuring interface options
Configure: raw interface enabled
Configure: feature layer interface disabled
Configure: score interface disabled
Configure: render interface disabled
Launching next game.
Next launch phase started: 2
Next launch phase started: 3
Next launch phase started: 4
Next launch phase started: 5
Next launch phase started: 6
Next launch phase started: 7
Next launch phase started: 8
Game has started.
Using default stable ids, none found at: /home/yamoling/3rdparty/StarCraftII/stableid.json
Successfully loaded stable ids: GameData\stableid.json
Sending ResponseJoinGame
RequestQuit command received.
Closing Application...
DataHandler: unable to parse websocket frame.
CloseHandler: 127.0.0.1:52210 disconnected
Version: B75689 (SC2.4.10)
Build: Aug 12 2019 17:16:57
Command Line: '"/home/yamoling/3rdparty/StarCraftII/Versions/Base75689/SC2_x64" -listen 127.0.0.1 -port 41633 -dataDir /home/yamoling/3rdparty/StarCraftII/ -tempDir /tmp/sc-8opt94yf/'
Starting up...
Startup Phase 1 complete
Startup Phase 2 complete
Creating stub renderer...
Listening on: 127.0.0.1:41633
Startup Phase 3 complete. Ready for commands.
ConnectHandler: Request from 127.0.0.1:48086 accepted
ReadyHandler: 127.0.0.1:48086 ready
Requesting to join a single player game
Configuring interface options
Configure: raw interface enabled
Configure: feature layer interface disabled
Configure: score interface disabled
Configure: render interface disabled
Launching next game.
Next launch phase started: 2
Next launch phase started: 3
Next launch phase started: 4
Next launch phase started: 5
Next launch phase started: 6
Next launch phase started: 7
Next launch phase started: 8
Game has started.
Using default stable ids, none found at: /home/yamoling/3rdparty/StarCraftII/stableid.json
Successfully loaded stable ids: GameData\stableid.json
Sending ResponseJoinGame
RequestQuit command received.
Closing Application...
DataHandler: unable to parse websocket frame.
CloseHandler: 127.0.0.1:60622 disconnected
Version: B75689 (SC2.4.10)
Build: Aug 12 2019 17:16:57
Command Line: '"/home/yamoling/3rdparty/StarCraftII/Versions/Base75689/SC2_x64" -listen 127.0.0.1 -port 34023 -dataDir /home/yamoling/3rdparty/StarCraftII/ -tempDir /tmp/sc-6z3x3nu7/'
Starting up...
Startup Phase 1 complete
Startup Phase 2 complete
Creating stub renderer...
Listening on: 127.0.0.1:34023
Startup Phase 3 complete. Ready for commands.
ConnectHandler: Request from 127.0.0.1:35488 accepted
ReadyHandler: 127.0.0.1:35488 ready
Requesting to join a single player game
Configuring interface options
Configure: raw interface enabled
Configure: feature layer interface disabled
Configure: score interface disabled
Configure: render interface disabled
Launching next game.
Next launch phase started: 2
Next launch phase started: 3
Next launch phase started: 4
Next launch phase started: 5
Next launch phase started: 6
Next launch phase started: 7
Next launch phase started: 8
RequestQuit command received.
Closing Application...
DataHandler: unable to parse websocket frame.
CloseHandler: 127.0.0.1:45482 disconnected
Version: B75689 (SC2.4.10)
Build: Aug 12 2019 17:16:57
Command Line: '"/home/yamoling/3rdparty/StarCraftII/Versions/Base75689/SC2_x64" -listen 127.0.0.1 -port 36487 -dataDir /home/yamoling/3rdparty/StarCraftII/ -tempDir /tmp/sc-b5ihis5q/'
Starting up...
Startup Phase 1 complete
Startup Phase 2 complete
Creating stub renderer...
Listening on: 127.0.0.1:36487
Startup Phase 3 complete. Ready for commands.
ConnectHandler: Request from 127.0.0.1:53306 accepted
ReadyHandler: 127.0.0.1:53306 ready
Requesting to join a single player game
Configuring interface options
Configure: raw interface enabled
Configure: feature layer interface disabled
Configure: score interface disabled
Configure: render interface disabled
Launching next game.
Next launch phase started: 2
Next launch phase started: 3
Next launch phase started: 4
Next launch phase started: 5
Next launch phase started: 6
Next launch phase started: 7
Next launch phase started: 8
Game has started.
Using default stable ids, none found at: /home/yamoling/3rdparty/StarCraftII/stableid.json
Successfully loaded stable ids: GameData\stableid.json
Sending ResponseJoinGame
Game has started.
Using default stable ids, none found at: /home/yamoling/3rdparty/StarCraftII/stableid.json
Successfully loaded stable ids: GameData\stableid.json
Sending ResponseJoinGame
RequestQuit command received.
Closing Application...
DataHandler: unable to parse websocket frame.
CloseHandler: 127.0.0.1:43400 disconnected
Version: B75689 (SC2.4.10)
Build: Aug 12 2019 17:16:57
Command Line: '"/home/yamoling/3rdparty/StarCraftII/Versions/Base75689/SC2_x64" -listen 127.0.0.1 -port 35831 -dataDir /home/yamoling/3rdparty/StarCraftII/ -tempDir /tmp/sc-sj9cwa3c/'
Starting up...
Startup Phase 1 complete
Startup Phase 2 complete
Creating stub renderer...
RequestQuit command received.
Closing Application...
DataHandler: unable to parse websocket frame.
CloseHandler: 127.0.0.1:60586 disconnected
Version: B75689 (SC2.4.10)
Build: Aug 12 2019 17:16:57
Command Line: '"/home/yamoling/3rdparty/StarCraftII/Versions/Base75689/SC2_x64" -listen 127.0.0.1 -port 37173 -dataDir /home/yamoling/3rdparty/StarCraftII/ -tempDir /tmp/sc-5oqqpzev/'
Starting up...
Startup Phase 1 complete
Listening on: 127.0.0.1:35831
Startup Phase 3 complete. Ready for commands.
ConnectHandler: Request from 127.0.0.1:39974 accepted
ReadyHandler: 127.0.0.1:39974 ready
Requesting to join a single player game
Configuring interface options
Configure: raw interface enabled
Configure: feature layer interface disabled
Configure: score interface disabled
Configure: render interface disabled
Launching next game.
Next launch phase started: 2
Next launch phase started: 3
Next launch phase started: 4
Next launch phase started: 5
Next launch phase started: 6
Next launch phase started: 7
Next launch phase started: 8
RequestQuit command received.
Closing Application...
DataHandler: unable to parse websocket frame.
CloseHandler: 127.0.0.1:40776 disconnected
Version: B75689 (SC2.4.10)
Build: Aug 12 2019 17:16:57
Command Line: '"/home/yamoling/3rdparty/StarCraftII/Versions/Base75689/SC2_x64" -listen 127.0.0.1 -port 37903 -dataDir /home/yamoling/3rdparty/StarCraftII/ -tempDir /tmp/sc-3otkcvat/'
Starting up...
Startup Phase 1 complete
Startup Phase 2 complete
Creating stub renderer...
Listening on: 127.0.0.1:37173
Startup Phase 3 complete. Ready for commands.
Startup Phase 2 complete
Creating stub renderer...
ConnectHandler: Request from 127.0.0.1:38982 accepted
ReadyHandler: 127.0.0.1:38982 ready
Requesting to join a single player game
Configuring interface options
Configure: raw interface enabled
Configure: feature layer interface disabled
Configure: score interface disabled
Configure: render interface disabled
Launching next game.
Next launch phase started: 2
Next launch phase started: 3
Next launch phase started: 4
Next launch phase started: 5
Next launch phase started: 6
Next launch phase started: 7
Next launch phase started: 8
Listening on: 127.0.0.1:37903
Startup Phase 3 complete. Ready for commands.
ConnectHandler: Request from 127.0.0.1:42962 accepted
ReadyHandler: 127.0.0.1:42962 ready
Requesting to join a single player game
Configuring interface options
Configure: raw interface enabled
Configure: feature layer interface disabled
Configure: score interface disabled
Configure: render interface disabled
Launching next game.
Next launch phase started: 2
Next launch phase started: 3
Next launch phase started: 4
Next launch phase started: 5
Next launch phase started: 6
Next launch phase started: 7
Next launch phase started: 8
DataHandler: unable to parse websocket frame.
RequestQuit command received.
Closing Application...
CloseHandler: 127.0.0.1:47024 disconnected
Version: B75689 (SC2.4.10)
Build: Aug 12 2019 17:16:57
Command Line: '"/home/yamoling/3rdparty/StarCraftII/Versions/Base75689/SC2_x64" -listen 127.0.0.1 -port 44959 -dataDir /home/yamoling/3rdparty/StarCraftII/ -tempDir /tmp/sc-otgwr5pf/'
Starting up...
Startup Phase 1 complete
Game has started.
Using default stable ids, none found at: /home/yamoling/3rdparty/StarCraftII/stableid.json
Successfully loaded stable ids: GameData\stableid.json
Sending ResponseJoinGame
Startup Phase 2 complete
Creating stub renderer...
Listening on: 127.0.0.1:44959
Startup Phase 3 complete. Ready for commands.
ConnectHandler: Request from 127.0.0.1:57872 accepted
ReadyHandler: 127.0.0.1:57872 ready
Requesting to join a single player game
Configuring interface options
Configure: raw interface enabled
Configure: feature layer interface disabled
Configure: score interface disabled
Configure: render interface disabled
Launching next game.
Next launch phase started: 2
Next launch phase started: 3
Next launch phase started: 4
Next launch phase started: 5
Next launch phase started: 6
Next launch phase started: 7
Next launch phase started: 8
Game has started.
Using default stable ids, none found at: /home/yamoling/3rdparty/StarCraftII/stableid.json
Successfully loaded stable ids: GameData\stableid.json
Sending ResponseJoinGame
Game has started.
Using default stable ids, none found at: /home/yamoling/3rdparty/StarCraftII/stableid.json
Successfully loaded stable ids: GameData\stableid.json
Sending ResponseJoinGame
RequestQuit command received.
Closing Application...
DataHandler: unable to parse websocket frame.
CloseHandler: 127.0.0.1:39254 disconnected
Version: B75689 (SC2.4.10)
Build: Aug 12 2019 17:16:57
Command Line: '"/home/yamoling/3rdparty/StarCraftII/Versions/Base75689/SC2_x64" -listen 127.0.0.1 -port 44183 -dataDir /home/yamoling/3rdparty/StarCraftII/ -tempDir /tmp/sc-sp1_xzcz/'
Starting up...
Startup Phase 1 complete
Startup Phase 2 complete
Creating stub renderer...
Listening on: 127.0.0.1:44183
Startup Phase 3 complete. Ready for commands.
ConnectHandler: Request from 127.0.0.1:55890 accepted
ReadyHandler: 127.0.0.1:55890 ready
Requesting to join a single player game
Configuring interface options
Configure: raw interface enabled
Configure: feature layer interface disabled
Configure: score interface disabled
Configure: render interface disabled
Launching next game.
Next launch phase started: 2
Next launch phase started: 3
Next launch phase started: 4
Next launch phase started: 5
Next launch phase started: 6
Next launch phase started: 7
Next launch phase started: 8
Game has started.
Using default stable ids, none found at: /home/yamoling/3rdparty/StarCraftII/stableid.json
Successfully loaded stable ids: GameData\stableid.json
Sending ResponseJoinGame
Game has started.
Using default stable ids, none found at: /home/yamoling/3rdparty/StarCraftII/stableid.json
Successfully loaded stable ids: GameData\stableid.json
Sending ResponseJoinGame
RequestQuit command received.
Closing Application...
DataHandler: unable to parse websocket frame.
CloseHandler: 127.0.0.1:45286 disconnected
Version: B75689 (SC2.4.10)
Build: Aug 12 2019 17:16:57
Command Line: '"/home/yamoling/3rdparty/StarCraftII/Versions/Base75689/SC2_x64" -listen 127.0.0.1 -port 44287 -dataDir /home/yamoling/3rdparty/StarCraftII/ -tempDir /tmp/sc-_ojpb0t_/'
Starting up...
Startup Phase 1 complete
Startup Phase 2 complete
Creating stub renderer...
DataHandler: unable to parse websocket frame.
RequestQuit command received.
CloseHandler: 127.0.0.1:39626 disconnected
Closing Application...
ResponseThread: No connection, dropping the response.
Version: B75689 (SC2.4.10)
Build: Aug 12 2019 17:16:57
Command Line: '"/home/yamoling/3rdparty/StarCraftII/Versions/Base75689/SC2_x64" -listen 127.0.0.1 -port 41793 -dataDir /home/yamoling/3rdparty/StarCraftII/ -tempDir /tmp/sc-v7g_7bkk/'
Starting up...
Startup Phase 1 complete
RequestQuit command received.
Closing Application...
DataHandler: unable to parse websocket frame.
CloseHandler: 127.0.0.1:59048 disconnected
Listening on: 127.0.0.1:44287
Startup Phase 3 complete. Ready for commands.
Version: B75689 (SC2.4.10)
Build: Aug 12 2019 17:16:57
Command Line: '"/home/yamoling/3rdparty/StarCraftII/Versions/Base75689/SC2_x64" -listen 127.0.0.1 -port 33529 -dataDir /home/yamoling/3rdparty/StarCraftII/ -tempDir /tmp/sc-90__7pxw/'
Starting up...
Startup Phase 1 complete
ConnectHandler: Request from 127.0.0.1:38866 accepted
ReadyHandler: 127.0.0.1:38866 ready
Requesting to join a single player game
Configuring interface options
Configure: raw interface enabled
Configure: feature layer interface disabled
Configure: score interface disabled
Configure: render interface disabled
Launching next game.
Next launch phase started: 2
Next launch phase started: 3
Next launch phase started: 4
Next launch phase started: 5
Next launch phase started: 6
Next launch phase started: 7
Next launch phase started: 8
Startup Phase 2 complete
Creating stub renderer...
Startup Phase 2 complete
Creating stub renderer...
Listening on: 127.0.0.1:41793
Startup Phase 3 complete. Ready for commands.
Listening on: 127.0.0.1:33529
Startup Phase 3 complete. Ready for commands.
ConnectHandler: Request from 127.0.0.1:34658 accepted
ReadyHandler: 127.0.0.1:34658 ready
Requesting to join a single player game
Configuring interface options
Configure: raw interface enabled
Configure: feature layer interface disabled
Configure: score interface disabled
Configure: render interface disabled
Launching next game.
Next launch phase started: 2
Next launch phase started: 3
Next launch phase started: 4
Next launch phase started: 5
Next launch phase started: 6
Next launch phase started: 7
Next launch phase started: 8
ConnectHandler: Request from 127.0.0.1:40434 accepted
ReadyHandler: 127.0.0.1:40434 ready
Requesting to join a single player game
Configuring interface options
Configure: raw interface enabled
Configure: feature layer interface disabled
Configure: score interface disabled
Configure: render interface disabled
Launching next game.
Next launch phase started: 2
Next launch phase started: 3
Next launch phase started: 4
Next launch phase started: 5
Next launch phase started: 6
Next launch phase started: 7
Next launch phase started: 8
Game has started.
Using default stable ids, none found at: /home/yamoling/3rdparty/StarCraftII/stableid.json
Successfully loaded stable ids: GameData\stableid.json
Sending ResponseJoinGame
Game has started.
Using default stable ids, none found at: /home/yamoling/3rdparty/StarCraftII/stableid.json
Successfully loaded stable ids: GameData\stableid.json
Sending ResponseJoinGame
Game has started.
Using default stable ids, none found at: /home/yamoling/3rdparty/StarCraftII/stableid.json
Successfully loaded stable ids: GameData\stableid.json
Sending ResponseJoinGame
RequestQuit command received.
DataHandler: unable to parse websocket frame.
Closing Application...
CloseHandler: 127.0.0.1:60512 disconnected
Version: B75689 (SC2.4.10)
Build: Aug 12 2019 17:16:57
Command Line: '"/home/yamoling/3rdparty/StarCraftII/Versions/Base75689/SC2_x64" -listen 127.0.0.1 -port 36921 -dataDir /home/yamoling/3rdparty/StarCraftII/ -tempDir /tmp/sc-r0e_624k/'
Starting up...
Startup Phase 1 complete
Startup Phase 2 complete
Creating stub renderer...
Listening on: 127.0.0.1:36921
Startup Phase 3 complete. Ready for commands.
RequestQuit command received.
Closing Application...
DataHandler: unable to parse websocket frame.
CloseHandler: 127.0.0.1:41166 disconnected
Version: B75689 (SC2.4.10)
Build: Aug 12 2019 17:16:57
Command Line: '"/home/yamoling/3rdparty/StarCraftII/Versions/Base75689/SC2_x64" -listen 127.0.0.1 -port 44585 -dataDir /home/yamoling/3rdparty/StarCraftII/ -tempDir /tmp/sc-coog_i62/'
Starting up...
Startup Phase 1 complete
ConnectHandler: Request from 127.0.0.1:33946 accepted
ReadyHandler: 127.0.0.1:33946 ready
Requesting to join a single player game
Configuring interface options
Configure: raw interface enabled
Configure: feature layer interface disabled
Configure: score interface disabled
Configure: render interface disabled
Launching next game.
Next launch phase started: 2
Next launch phase started: 3
Next launch phase started: 4
Next launch phase started: 5
Next launch phase started: 6
Next launch phase started: 7
Next launch phase started: 8
Startup Phase 2 complete
Creating stub renderer...
Listening on: 127.0.0.1:44585
Startup Phase 3 complete. Ready for commands.
ConnectHandler: Request from 127.0.0.1:39592 accepted
ReadyHandler: 127.0.0.1:39592 ready
Requesting to join a single player game
Configuring interface options
Configure: raw interface enabled
Configure: feature layer interface disabled
Configure: score interface disabled
Configure: render interface disabled
Launching next game.
Next launch phase started: 2
Next launch phase started: 3
Next launch phase started: 4
Next launch phase started: 5
Next launch phase started: 6
Next launch phase started: 7
Next launch phase started: 8
Game has started.
Using default stable ids, none found at: /home/yamoling/3rdparty/StarCraftII/stableid.json
Successfully loaded stable ids: GameData\stableid.json
Sending ResponseJoinGame
Game has started.
Using default stable ids, none found at: /home/yamoling/3rdparty/StarCraftII/stableid.json
Successfully loaded stable ids: GameData\stableid.json
Sending ResponseJoinGame
DataHandler: unable to parse websocket frame.
RequestQuit command received.
CloseHandler: 127.0.0.1:56728 disconnected
Closing Application...
ResponseThread: No connection, dropping the response.
Version: B75689 (SC2.4.10)
Build: Aug 12 2019 17:16:57
Command Line: '"/home/yamoling/3rdparty/StarCraftII/Versions/Base75689/SC2_x64" -listen 127.0.0.1 -port 46535 -dataDir /home/yamoling/3rdparty/StarCraftII/ -tempDir /tmp/sc-jqycinc7/'
Starting up...
Startup Phase 1 complete
Startup Phase 2 complete
Creating stub renderer...
Listening on: 127.0.0.1:46535
Startup Phase 3 complete. Ready for commands.
ConnectHandler: Request from 127.0.0.1:53302 accepted
ReadyHandler: 127.0.0.1:53302 ready
Requesting to join a single player game
Configuring interface options
Configure: raw interface enabled
Configure: feature layer interface disabled
Configure: score interface disabled
Configure: render interface disabled
Launching next game.
Next launch phase started: 2
Next launch phase started: 3
Next launch phase started: 4
Next launch phase started: 5
Next launch phase started: 6
Next launch phase started: 7
Next launch phase started: 8
Game has started.
Using default stable ids, none found at: /home/yamoling/3rdparty/StarCraftII/stableid.json
Successfully loaded stable ids: GameData\stableid.json
Sending ResponseJoinGame
RequestQuit command received.
DataHandler: unable to parse websocket frame.
Closing Application...
CloseHandler: 127.0.0.1:43626 disconnected
Version: B75689 (SC2.4.10)
Build: Aug 12 2019 17:16:57
Command Line: '"/home/yamoling/3rdparty/StarCraftII/Versions/Base75689/SC2_x64" -listen 127.0.0.1 -port 44615 -dataDir /home/yamoling/3rdparty/StarCraftII/ -tempDir /tmp/sc-15p702au/'
Starting up...
Startup Phase 1 complete
Startup Phase 2 complete
Creating stub renderer...
Listening on: 127.0.0.1:44615
Startup Phase 3 complete. Ready for commands.
ConnectHandler: Request from 127.0.0.1:48898 accepted
ReadyHandler: 127.0.0.1:48898 ready
Requesting to join a single player game
Configuring interface options
Configure: raw interface enabled
Configure: feature layer interface disabled
Configure: score interface disabled
Configure: render interface disabled
Launching next game.
Next launch phase started: 2
Next launch phase started: 3
Next launch phase started: 4
Next launch phase started: 5
Next launch phase started: 6
Next launch phase started: 7
Next launch phase started: 8
Game has started.
Using default stable ids, none found at: /home/yamoling/3rdparty/StarCraftII/stableid.json
Successfully loaded stable ids: GameData\stableid.json
Sending ResponseJoinGame
RequestQuit command received.
DataHandler: unable to parse websocket frame.
Closing Application...
CloseHandler: 127.0.0.1:40110 disconnected
Version: B75689 (SC2.4.10)
Build: Aug 12 2019 17:16:57
Command Line: '"/home/yamoling/3rdparty/StarCraftII/Versions/Base75689/SC2_x64" -listen 127.0.0.1 -port 40663 -dataDir /home/yamoling/3rdparty/StarCraftII/ -tempDir /tmp/sc-tsbfxzfj/'
Starting up...
Startup Phase 1 complete
Startup Phase 2 complete
Creating stub renderer...
Listening on: 127.0.0.1:40663
Startup Phase 3 complete. Ready for commands.
ConnectHandler: Request from 127.0.0.1:60266 accepted
ReadyHandler: 127.0.0.1:60266 ready
Requesting to join a single player game
Configuring interface options
Configure: raw interface enabled
Configure: feature layer interface disabled
Configure: score interface disabled
Configure: render interface disabled
Launching next game.
Next launch phase started: 2
Next launch phase started: 3
Next launch phase started: 4
Next launch phase started: 5
Next launch phase started: 6
Next launch phase started: 7
Next launch phase started: 8
Game has started.
Using default stable ids, none found at: /home/yamoling/3rdparty/StarCraftII/stableid.json
Successfully loaded stable ids: GameData\stableid.json
Sending ResponseJoinGame
RequestQuit command received.
DataHandler: unable to parse websocket frame.
CloseHandler: 127.0.0.1:56570 disconnected
Closing Application...
Version: B75689 (SC2.4.10)
Build: Aug 12 2019 17:16:57
Command Line: '"/home/yamoling/3rdparty/StarCraftII/Versions/Base75689/SC2_x64" -listen 127.0.0.1 -port 39263 -dataDir /home/yamoling/3rdparty/StarCraftII/ -tempDir /tmp/sc-eu5yx8ho/'
Starting up...
Startup Phase 1 complete
Startup Phase 2 complete
Creating stub renderer...
Listening on: 127.0.0.1:39263
Startup Phase 3 complete. Ready for commands.
ConnectHandler: Request from 127.0.0.1:51842 accepted
ReadyHandler: 127.0.0.1:51842 ready
Requesting to join a single player game
Configuring interface options
Configure: raw interface enabled
Configure: feature layer interface disabled
Configure: score interface disabled
Configure: render interface disabled
Launching next game.
Next launch phase started: 2
Next launch phase started: 3
Next launch phase started: 4
Next launch phase started: 5
Next launch phase started: 6
Next launch phase started: 7
Next launch phase started: 8
Game has started.
Using default stable ids, none found at: /home/yamoling/3rdparty/StarCraftII/stableid.json
Successfully loaded stable ids: GameData\stableid.json
Sending ResponseJoinGame
RequestQuit command received.
Closing Application...
DataHandler: unable to parse websocket frame.
CloseHandler: 127.0.0.1:40108 disconnected
Version: B75689 (SC2.4.10)
Build: Aug 12 2019 17:16:57
Command Line: '"/home/yamoling/3rdparty/StarCraftII/Versions/Base75689/SC2_x64" -listen 127.0.0.1 -port 34601 -dataDir /home/yamoling/3rdparty/StarCraftII/ -tempDir /tmp/sc-i2qxwfp0/'
Starting up...
Startup Phase 1 complete
Startup Phase 2 complete
Creating stub renderer...
Listening on: 127.0.0.1:34601
Startup Phase 3 complete. Ready for commands.
RequestQuit command received.
Closing Application...
DataHandler: unable to parse websocket frame.
CloseHandler: 127.0.0.1:35652 disconnected
Version: B75689 (SC2.4.10)
Build: Aug 12 2019 17:16:57
Command Line: '"/home/yamoling/3rdparty/StarCraftII/Versions/Base75689/SC2_x64" -listen 127.0.0.1 -port 38347 -dataDir /home/yamoling/3rdparty/StarCraftII/ -tempDir /tmp/sc-mgokv5wo/'
Starting up...
Startup Phase 1 complete
ConnectHandler: Request from 127.0.0.1:46104 accepted
ReadyHandler: 127.0.0.1:46104 ready
Requesting to join a single player game
Configuring interface options
Configure: raw interface enabled
Configure: feature layer interface disabled
Configure: score interface disabled
Configure: render interface disabled
Launching next game.
Next launch phase started: 2
Next launch phase started: 3
Next launch phase started: 4
Next launch phase started: 5
Next launch phase started: 6
Next launch phase started: 7
Next launch phase started: 8
Startup Phase 2 complete
Creating stub renderer...
Listening on: 127.0.0.1:38347
Startup Phase 3 complete. Ready for commands.
ConnectHandler: Request from 127.0.0.1:33694 accepted
ReadyHandler: 127.0.0.1:33694 ready
Requesting to join a single player game
Configuring interface options
Configure: raw interface enabled
Configure: feature layer interface disabled
Configure: score interface disabled
Configure: render interface disabled
Launching next game.
Next launch phase started: 2
Next launch phase started: 3
Next launch phase started: 4
Next launch phase started: 5
Next launch phase started: 6
Next launch phase started: 7
Next launch phase started: 8
Game has started.
Using default stable ids, none found at: /home/yamoling/3rdparty/StarCraftII/stableid.json
Successfully loaded stable ids: GameData\stableid.json
Sending ResponseJoinGame
Game has started.
Using default stable ids, none found at: /home/yamoling/3rdparty/StarCraftII/stableid.json
Successfully loaded stable ids: GameData\stableid.json
Sending ResponseJoinGame
RequestQuit command received.
Closing Application...
DataHandler: unable to parse websocket frame.
CloseHandler: 127.0.0.1:57872 disconnected
Version: B75689 (SC2.4.10)
Build: Aug 12 2019 17:16:57
Command Line: '"/home/yamoling/3rdparty/StarCraftII/Versions/Base75689/SC2_x64" -listen 127.0.0.1 -port 42549 -dataDir /home/yamoling/3rdparty/StarCraftII/ -tempDir /tmp/sc-s4auqmvo/'
Starting up...
Startup Phase 1 complete
Startup Phase 2 complete
Creating stub renderer...
Listening on: 127.0.0.1:42549
Startup Phase 3 complete. Ready for commands.
ConnectHandler: Request from 127.0.0.1:54198 accepted
ReadyHandler: 127.0.0.1:54198 ready
Requesting to join a single player game
Configuring interface options
Configure: raw interface enabled
Configure: feature layer interface disabled
Configure: score interface disabled
Configure: render interface disabled
Launching next game.
Next launch phase started: 2
Next launch phase started: 3
Next launch phase started: 4
Next launch phase started: 5
Next launch phase started: 6
Next launch phase started: 7
Next launch phase started: 8
RequestQuit command received.
DataHandler: unable to parse websocket frame.
Closing Application...
CloseHandler: 127.0.0.1:38982 disconnected
Version: B75689 (SC2.4.10)
Build: Aug 12 2019 17:16:57
Command Line: '"/home/yamoling/3rdparty/StarCraftII/Versions/Base75689/SC2_x64" -listen 127.0.0.1 -port 39933 -dataDir /home/yamoling/3rdparty/StarCraftII/ -tempDir /tmp/sc-1trpt_hv/'
Starting up...
Startup Phase 1 complete
RequestQuit command received.
Closing Application...
DataHandler: unable to parse websocket frame.
CloseHandler: 127.0.0.1:36236 disconnected
Version: B75689 (SC2.4.10)
Build: Aug 12 2019 17:16:57
Command Line: '"/home/yamoling/3rdparty/StarCraftII/Versions/Base75689/SC2_x64" -listen 127.0.0.1 -port 33961 -dataDir /home/yamoling/3rdparty/StarCraftII/ -tempDir /tmp/sc-_nshxn82/'
Starting up...
Startup Phase 1 complete
Startup Phase 2 complete
Creating stub renderer...
Listening on: 127.0.0.1:39933
Startup Phase 3 complete. Ready for commands.
Game has started.
Using default stable ids, none found at: /home/yamoling/3rdparty/StarCraftII/stableid.json
Successfully loaded stable ids: GameData\stableid.json
Sending ResponseJoinGame
Startup Phase 2 complete
Creating stub renderer...
ConnectHandler: Request from 127.0.0.1:44404 accepted
ReadyHandler: 127.0.0.1:44404 ready
Requesting to join a single player game
Configuring interface options
Configure: raw interface enabled
Configure: feature layer interface disabled
Configure: score interface disabled
Configure: render interface disabled
Launching next game.
Next launch phase started: 2
Next launch phase started: 3
Next launch phase started: 4
Next launch phase started: 5
Next launch phase started: 6
Next launch phase started: 7
Next launch phase started: 8
Listening on: 127.0.0.1:33961
Startup Phase 3 complete. Ready for commands.
ConnectHandler: Request from 127.0.0.1:58998 accepted
ReadyHandler: 127.0.0.1:58998 ready
Requesting to join a single player game
Configuring interface options
Configure: raw interface enabled
Configure: feature layer interface disabled
Configure: score interface disabled
Configure: render interface disabled
Launching next game.
Next launch phase started: 2
Next launch phase started: 3
Next launch phase started: 4
Next launch phase started: 5
Next launch phase started: 6
Next launch phase started: 7
Next launch phase started: 8
Game has started.
Using default stable ids, none found at: /home/yamoling/3rdparty/StarCraftII/stableid.json
Successfully loaded stable ids: GameData\stableid.json
Sending ResponseJoinGame
Game has started.
Using default stable ids, none found at: /home/yamoling/3rdparty/StarCraftII/stableid.json
Successfully loaded stable ids: GameData\stableid.json
Sending ResponseJoinGame
RequestQuit command received.
DataHandler: unable to parse websocket frame.
Closing Application...
CloseHandler: 127.0.0.1:35488 disconnected
Version: B75689 (SC2.4.10)
Build: Aug 12 2019 17:16:57
Command Line: '"/home/yamoling/3rdparty/StarCraftII/Versions/Base75689/SC2_x64" -listen 127.0.0.1 -port 43019 -dataDir /home/yamoling/3rdparty/StarCraftII/ -tempDir /tmp/sc-s16al66u/'
Starting up...
Startup Phase 1 complete
RequestQuit command received.
Closing Application...
DataHandler: unable to parse websocket frame.
CloseHandler: 127.0.0.1:39974 disconnected
Version: B75689 (SC2.4.10)
Build: Aug 12 2019 17:16:57
Command Line: '"/home/yamoling/3rdparty/StarCraftII/Versions/Base75689/SC2_x64" -listen 127.0.0.1 -port 34081 -dataDir /home/yamoling/3rdparty/StarCraftII/ -tempDir /tmp/sc-8nuwx_g4/'
Starting up...
Startup Phase 1 complete
Startup Phase 2 complete
Creating stub renderer...
Listening on: 127.0.0.1:43019
Startup Phase 3 complete. Ready for commands.
Startup Phase 2 complete
Creating stub renderer...
ConnectHandler: Request from 127.0.0.1:34402 accepted
ReadyHandler: 127.0.0.1:34402 ready
Requesting to join a single player game
Configuring interface options
Configure: raw interface enabled
Configure: feature layer interface disabled
Configure: score interface disabled
Configure: render interface disabled
Launching next game.
Next launch phase started: 2
Next launch phase started: 3
Next launch phase started: 4
Next launch phase started: 5
Next launch phase started: 6
Next launch phase started: 7
Next launch phase started: 8
Listening on: 127.0.0.1:34081
Startup Phase 3 complete. Ready for commands.
ConnectHandler: Request from 127.0.0.1:59234 accepted
ReadyHandler: 127.0.0.1:59234 ready
Requesting to join a single player game
Configuring interface options
Configure: raw interface enabled
Configure: feature layer interface disabled
Configure: score interface disabled
Configure: render interface disabled
Launching next game.
Next launch phase started: 2
Next launch phase started: 3
Next launch phase started: 4
Next launch phase started: 5
Next launch phase started: 6
Next launch phase started: 7
Next launch phase started: 8
Game has started.
Using default stable ids, none found at: /home/yamoling/3rdparty/StarCraftII/stableid.json
Successfully loaded stable ids: GameData\stableid.json
Sending ResponseJoinGame
Game has started.
Using default stable ids, none found at: /home/yamoling/3rdparty/StarCraftII/stableid.json
Successfully loaded stable ids: GameData\stableid.json
Sending ResponseJoinGame
RequestQuit command received.
DataHandler: unable to parse websocket frame.
Closing Application...
CloseHandler: 127.0.0.1:53306 disconnected
Version: B75689 (SC2.4.10)
Build: Aug 12 2019 17:16:57
Command Line: '"/home/yamoling/3rdparty/StarCraftII/Versions/Base75689/SC2_x64" -listen 127.0.0.1 -port 38685 -dataDir /home/yamoling/3rdparty/StarCraftII/ -tempDir /tmp/sc-nz78sphy/'
Starting up...
Startup Phase 1 complete
Startup Phase 2 complete
Creating stub renderer...
Listening on: 127.0.0.1:38685
Startup Phase 3 complete. Ready for commands.
ConnectHandler: Request from 127.0.0.1:47380 accepted
ReadyHandler: 127.0.0.1:47380 ready
Requesting to join a single player game
Configuring interface options
Configure: raw interface enabled
Configure: feature layer interface disabled
Configure: score interface disabled
Configure: render interface disabled
Launching next game.
Next launch phase started: 2
Next launch phase started: 3
Next launch phase started: 4
Next launch phase started: 5
Next launch phase started: 6
Next launch phase started: 7
Next launch phase started: 8
Game has started.
Using default stable ids, none found at: /home/yamoling/3rdparty/StarCraftII/stableid.json
Successfully loaded stable ids: GameData\stableid.json
Sending ResponseJoinGame
RequestQuit command received.
DataHandler: unable to parse websocket frame.
CloseHandler: 127.0.0.1:48086 disconnected
Closing Application...
Version: B75689 (SC2.4.10)
Build: Aug 12 2019 17:16:57
Command Line: '"/home/yamoling/3rdparty/StarCraftII/Versions/Base75689/SC2_x64" -listen 127.0.0.1 -port 38155 -dataDir /home/yamoling/3rdparty/StarCraftII/ -tempDir /tmp/sc-dj2b_i5z/'
Starting up...
Startup Phase 1 complete
Startup Phase 2 complete
Creating stub renderer...
Listening on: 127.0.0.1:38155
Startup Phase 3 complete. Ready for commands.
ConnectHandler: Request from 127.0.0.1:49274 accepted
ReadyHandler: 127.0.0.1:49274 ready
Requesting to join a single player game
Configuring interface options
Configure: raw interface enabled
Configure: feature layer interface disabled
Configure: score interface disabled
Configure: render interface disabled
Launching next game.
Next launch phase started: 2
Next launch phase started: 3
Next launch phase started: 4
Next launch phase started: 5
Next launch phase started: 6
Next launch phase started: 7
Next launch phase started: 8
RequestQuit command received.
DataHandler: unable to parse websocket frame.
CloseHandler: 127.0.0.1:37126 disconnected
Closing Application...
Version: B75689 (SC2.4.10)
Build: Aug 12 2019 17:16:57
Command Line: '"/home/yamoling/3rdparty/StarCraftII/Versions/Base75689/SC2_x64" -listen 127.0.0.1 -port 34653 -dataDir /home/yamoling/3rdparty/StarCraftII/ -tempDir /tmp/sc-febmvpln/'
Starting up...
Startup Phase 1 complete
Game has started.
Using default stable ids, none found at: /home/yamoling/3rdparty/StarCraftII/stableid.json
Successfully loaded stable ids: GameData\stableid.json
Sending ResponseJoinGame
RequestQuit command received.
DataHandler: unable to parse websocket frame.
Closing Application...
CloseHandler: 127.0.0.1:34658 disconnected
Version: B75689 (SC2.4.10)
Build: Aug 12 2019 17:16:57
Command Line: '"/home/yamoling/3rdparty/StarCraftII/Versions/Base75689/SC2_x64" -listen 127.0.0.1 -port 33367 -dataDir /home/yamoling/3rdparty/StarCraftII/ -tempDir /tmp/sc-la9qombl/'
Starting up...
Startup Phase 2 complete
Creating stub renderer...
Startup Phase 1 complete
Listening on: 127.0.0.1:34653
Startup Phase 3 complete. Ready for commands.
Startup Phase 2 complete
Creating stub renderer...
ConnectHandler: Request from 127.0.0.1:47208 accepted
ReadyHandler: 127.0.0.1:47208 ready
Requesting to join a single player game
Configuring interface options
Configure: raw interface enabled
Configure: feature layer interface disabled
Configure: score interface disabled
Configure: render interface disabled
Launching next game.
Next launch phase started: 2
Next launch phase started: 3
Next launch phase started: 4
Next launch phase started: 5
Next launch phase started: 6
Next launch phase started: 7
Next launch phase started: 8
Listening on: 127.0.0.1:33367
Startup Phase 3 complete. Ready for commands.
ConnectHandler: Request from 127.0.0.1:48972 accepted
ReadyHandler: 127.0.0.1:48972 ready
Requesting to join a single player game
Configuring interface options
Configure: raw interface enabled
Configure: feature layer interface disabled
Configure: score interface disabled
Configure: render interface disabled
Launching next game.
Next launch phase started: 2
Next launch phase started: 3
Next launch phase started: 4
Next launch phase started: 5
Next launch phase started: 6
Next launch phase started: 7
Next launch phase started: 8
Game has started.
Using default stable ids, none found at: /home/yamoling/3rdparty/StarCraftII/stableid.json
Successfully loaded stable ids: GameData\stableid.json
Sending ResponseJoinGame
Game has started.
Using default stable ids, none found at: /home/yamoling/3rdparty/StarCraftII/stableid.json
Successfully loaded stable ids: GameData\stableid.json
Sending ResponseJoinGame
RequestQuit command received.
DataHandler: unable to parse websocket frame.
CloseHandler: 127.0.0.1:38866 disconnected
Closing Application...
Version: B75689 (SC2.4.10)
Build: Aug 12 2019 17:16:57
Command Line: '"/home/yamoling/3rdparty/StarCraftII/Versions/Base75689/SC2_x64" -listen 127.0.0.1 -port 36469 -dataDir /home/yamoling/3rdparty/StarCraftII/ -tempDir /tmp/sc-qi08pzz8/'
Starting up...
Startup Phase 1 complete
Startup Phase 2 complete
Creating stub renderer...
Listening on: 127.0.0.1:36469
Startup Phase 3 complete. Ready for commands.
ConnectHandler: Request from 127.0.0.1:47816 accepted
ReadyHandler: 127.0.0.1:47816 ready
Requesting to join a single player game
Configuring interface options
Configure: raw interface enabled
Configure: feature layer interface disabled
Configure: score interface disabled
Configure: render interface disabled
Launching next game.
Next launch phase started: 2
Next launch phase started: 3
Next launch phase started: 4
Next launch phase started: 5
Next launch phase started: 6
Next launch phase started: 7
Next launch phase started: 8
Game has started.
Using default stable ids, none found at: /home/yamoling/3rdparty/StarCraftII/stableid.json
Successfully loaded stable ids: GameData\stableid.json
Sending ResponseJoinGame
RequestQuit command received.
DataHandler: unable to parse websocket frame.
CloseHandler: 127.0.0.1:40434 disconnected
Closing Application...
Version: B75689 (SC2.4.10)
Build: Aug 12 2019 17:16:57
Command Line: '"/home/yamoling/3rdparty/StarCraftII/Versions/Base75689/SC2_x64" -listen 127.0.0.1 -port 45349 -dataDir /home/yamoling/3rdparty/StarCraftII/ -tempDir /tmp/sc-bvumjeng/'
Starting up...
Startup Phase 1 complete
RequestQuit command received.
Closing Application...
DataHandler: unable to parse websocket frame.
CloseHandler: 127.0.0.1:55890 disconnected
Version: B75689 (SC2.4.10)
Build: Aug 12 2019 17:16:57
Command Line: '"/home/yamoling/3rdparty/StarCraftII/Versions/Base75689/SC2_x64" -listen 127.0.0.1 -port 35061 -dataDir /home/yamoling/3rdparty/StarCraftII/ -tempDir /tmp/sc-_lhkwskh/'
Starting up...
Startup Phase 1 complete
RequestQuit command received.
DataHandler: unable to parse websocket frame.
Closing Application...
CloseHandler: 127.0.0.1:42962 disconnected
Version: B75689 (SC2.4.10)
Build: Aug 12 2019 17:16:57
Command Line: '"/home/yamoling/3rdparty/StarCraftII/Versions/Base75689/SC2_x64" -listen 127.0.0.1 -port 40783 -dataDir /home/yamoling/3rdparty/StarCraftII/ -tempDir /tmp/sc-_qql899p/'
Starting up...
Startup Phase 1 complete
Startup Phase 2 complete
Creating stub renderer...
Startup Phase 2 complete
Creating stub renderer...
Listening on: 127.0.0.1:45349
Startup Phase 3 complete. Ready for commands.
Startup Phase 2 complete
Creating stub renderer...
Listening on: 127.0.0.1:35061
Startup Phase 3 complete. Ready for commands.
ConnectHandler: Request from 127.0.0.1:52902 accepted
ReadyHandler: 127.0.0.1:52902 ready
Requesting to join a single player game
Configuring interface options
Configure: raw interface enabled
Configure: feature layer interface disabled
Configure: score interface disabled
Configure: render interface disabled
Launching next game.
Next launch phase started: 2
Next launch phase started: 3
Next launch phase started: 4
Next launch phase started: 5
Next launch phase started: 6
Next launch phase started: 7
Next launch phase started: 8
Listening on: 127.0.0.1:40783
Startup Phase 3 complete. Ready for commands.
ConnectHandler: Request from 127.0.0.1:53140 accepted
ReadyHandler: 127.0.0.1:53140 ready
Requesting to join a single player game
Configuring interface options
Configure: raw interface enabled
Configure: feature layer interface disabled
Configure: score interface disabled
Configure: render interface disabled
Launching next game.
Next launch phase started: 2
Next launch phase started: 3
Next launch phase started: 4
Next launch phase started: 5
Next launch phase started: 6
Next launch phase started: 7
Next launch phase started: 8
ConnectHandler: Request from 127.0.0.1:53112 accepted
ReadyHandler: 127.0.0.1:53112 ready
Requesting to join a single player game
Configuring interface options
Configure: raw interface enabled
Configure: feature layer interface disabled
Configure: score interface disabled
Configure: render interface disabled
Launching next game.
Next launch phase started: 2
Next launch phase started: 3
Next launch phase started: 4
Next launch phase started: 5
Next launch phase started: 6
Next launch phase started: 7
Next launch phase started: 8
Game has started.
Using default stable ids, none found at: /home/yamoling/3rdparty/StarCraftII/stableid.json
Successfully loaded stable ids: GameData\stableid.json
Sending ResponseJoinGame
Game has started.
Using default stable ids, none found at: /home/yamoling/3rdparty/StarCraftII/stableid.json
Successfully loaded stable ids: GameData\stableid.json
Sending ResponseJoinGame
Game has started.
Using default stable ids, none found at: /home/yamoling/3rdparty/StarCraftII/stableid.json
Successfully loaded stable ids: GameData\stableid.json
Sending ResponseJoinGame
RequestQuit command received.
Closing Application...
DataHandler: unable to parse websocket frame.
CloseHandler: 127.0.0.1:33946 disconnected
Version: B75689 (SC2.4.10)
Build: Aug 12 2019 17:16:57
Command Line: '"/home/yamoling/3rdparty/StarCraftII/Versions/Base75689/SC2_x64" -listen 127.0.0.1 -port 40391 -dataDir /home/yamoling/3rdparty/StarCraftII/ -tempDir /tmp/sc-aax9v_bw/'
Starting up...
Startup Phase 1 complete
Startup Phase 2 complete
Creating stub renderer...
Listening on: 127.0.0.1:40391
Startup Phase 3 complete. Ready for commands.
ConnectHandler: Request from 127.0.0.1:43360 accepted
ReadyHandler: 127.0.0.1:43360 ready
Requesting to join a single player game
Configuring interface options
Configure: raw interface enabled
Configure: feature layer interface disabled
Configure: score interface disabled
Configure: render interface disabled
Launching next game.
Next launch phase started: 2
Next launch phase started: 3
Next launch phase started: 4
Next launch phase started: 5
Next launch phase started: 6
Next launch phase started: 7
Next launch phase started: 8
Game has started.
Using default stable ids, none found at: /home/yamoling/3rdparty/StarCraftII/stableid.json
Successfully loaded stable ids: GameData\stableid.json
Sending ResponseJoinGame
RequestQuit command received.
Closing Application...
DataHandler: unable to parse websocket frame.
CloseHandler: 127.0.0.1:39592 disconnected
Version: B75689 (SC2.4.10)
Build: Aug 12 2019 17:16:57
Command Line: '"/home/yamoling/3rdparty/StarCraftII/Versions/Base75689/SC2_x64" -listen 127.0.0.1 -port 40117 -dataDir /home/yamoling/3rdparty/StarCraftII/ -tempDir /tmp/sc-c_fkg3rl/'
Starting up...
Startup Phase 1 complete
Startup Phase 2 complete
Creating stub renderer...
Listening on: 127.0.0.1:40117
Startup Phase 3 complete. Ready for commands.
ConnectHandler: Request from 127.0.0.1:47212 accepted
ReadyHandler: 127.0.0.1:47212 ready
Requesting to join a single player game
Configuring interface options
Configure: raw interface enabled
Configure: feature layer interface disabled
Configure: score interface disabled
Configure: render interface disabled
Launching next game.
Next launch phase started: 2
Next launch phase started: 3
Next launch phase started: 4
Next launch phase started: 5
Next launch phase started: 6
Next launch phase started: 7
Next launch phase started: 8
Game has started.
Using default stable ids, none found at: /home/yamoling/3rdparty/StarCraftII/stableid.json
Successfully loaded stable ids: GameData\stableid.json
Sending ResponseJoinGame
RequestQuit command received.
DataHandler: unable to parse websocket frame.
Closing Application...
CloseHandler: 127.0.0.1:53302 disconnected
Version: B75689 (SC2.4.10)
Build: Aug 12 2019 17:16:57
Command Line: '"/home/yamoling/3rdparty/StarCraftII/Versions/Base75689/SC2_x64" -listen 127.0.0.1 -port 39445 -dataDir /home/yamoling/3rdparty/StarCraftII/ -tempDir /tmp/sc-18exwcob/'
Starting up...
Startup Phase 1 complete
Startup Phase 2 complete
Creating stub renderer...
Listening on: 127.0.0.1:39445
Startup Phase 3 complete. Ready for commands.
ConnectHandler: Request from 127.0.0.1:41056 accepted
ReadyHandler: 127.0.0.1:41056 ready
Requesting to join a single player game
Configuring interface options
Configure: raw interface enabled
Configure: feature layer interface disabled
Configure: score interface disabled
Configure: render interface disabled
Launching next game.
Next launch phase started: 2
Next launch phase started: 3
Next launch phase started: 4
Next launch phase started: 5
Next launch phase started: 6
Next launch phase started: 7
Next launch phase started: 8
Game has started.
Using default stable ids, none found at: /home/yamoling/3rdparty/StarCraftII/stableid.json
Successfully loaded stable ids: GameData\stableid.json
Sending ResponseJoinGame
RequestQuit command received.
Closing Application...
DataHandler: unable to parse websocket frame.
CloseHandler: 127.0.0.1:48898 disconnected
Version: B75689 (SC2.4.10)
Build: Aug 12 2019 17:16:57
Command Line: '"/home/yamoling/3rdparty/StarCraftII/Versions/Base75689/SC2_x64" -listen 127.0.0.1 -port 44119 -dataDir /home/yamoling/3rdparty/StarCraftII/ -tempDir /tmp/sc-q5btzsr9/'
Starting up...
Startup Phase 1 complete
Startup Phase 2 complete
Creating stub renderer...
Listening on: 127.0.0.1:44119
Startup Phase 3 complete. Ready for commands.
ConnectHandler: Request from 127.0.0.1:41442 accepted
ReadyHandler: 127.0.0.1:41442 ready
Requesting to join a single player game
Configuring interface options
Configure: raw interface enabled
Configure: feature layer interface disabled
Configure: score interface disabled
Configure: render interface disabled
Launching next game.
Next launch phase started: 2
Next launch phase started: 3
Next launch phase started: 4
Next launch phase started: 5
Next launch phase started: 6
Next launch phase started: 7
Next launch phase started: 8
Game has started.
Using default stable ids, none found at: /home/yamoling/3rdparty/StarCraftII/stableid.json
Successfully loaded stable ids: GameData\stableid.json
Sending ResponseJoinGame
RequestQuit command received.
DataHandler: unable to parse websocket frame.
CloseHandler: 127.0.0.1:54198 disconnected
Closing Application...
Version: B75689 (SC2.4.10)
Build: Aug 12 2019 17:16:57
Command Line: '"/home/yamoling/3rdparty/StarCraftII/Versions/Base75689/SC2_x64" -listen 127.0.0.1 -port 44807 -dataDir /home/yamoling/3rdparty/StarCraftII/ -tempDir /tmp/sc-009b08q_/'
Starting up...
Startup Phase 1 complete
Startup Phase 2 complete
Creating stub renderer...
Listening on: 127.0.0.1:44807
Startup Phase 3 complete. Ready for commands.
ConnectHandler: Request from 127.0.0.1:40862 accepted
ReadyHandler: 127.0.0.1:40862 ready
Requesting to join a single player game
Configuring interface options
Configure: raw interface enabled
Configure: feature layer interface disabled
Configure: score interface disabled
Configure: render interface disabled
Launching next game.
Next launch phase started: 2
Next launch phase started: 3
Next launch phase started: 4
Next launch phase started: 5
Next launch phase started: 6
Next launch phase started: 7
Next launch phase started: 8
Game has started.
Using default stable ids, none found at: /home/yamoling/3rdparty/StarCraftII/stableid.json
Successfully loaded stable ids: GameData\stableid.json
Sending ResponseJoinGame
RequestQuit command received.
DataHandler: unable to parse websocket frame.
CloseHandler: 127.0.0.1:46104 disconnected
Closing Application...
Version: B75689 (SC2.4.10)
Build: Aug 12 2019 17:16:57
Command Line: '"/home/yamoling/3rdparty/StarCraftII/Versions/Base75689/SC2_x64" -listen 127.0.0.1 -port 44651 -dataDir /home/yamoling/3rdparty/StarCraftII/ -tempDir /tmp/sc-hv2r9etv/'
Starting up...
Startup Phase 1 complete
Startup Phase 2 complete
Creating stub renderer...
Listening on: 127.0.0.1:44651
Startup Phase 3 complete. Ready for commands.
ConnectHandler: Request from 127.0.0.1:40664 accepted
ReadyHandler: 127.0.0.1:40664 ready
Requesting to join a single player game
Configuring interface options
Configure: raw interface enabled
Configure: feature layer interface disabled
Configure: score interface disabled
Configure: render interface disabled
Launching next game.
Next launch phase started: 2
Next launch phase started: 3
Next launch phase started: 4
Next launch phase started: 5
Next launch phase started: 6
Next launch phase started: 7
Next launch phase started: 8
Game has started.
Using default stable ids, none found at: /home/yamoling/3rdparty/StarCraftII/stableid.json
Successfully loaded stable ids: GameData\stableid.json
Sending ResponseJoinGame
RequestQuit command received.
Closing Application...
DataHandler: unable to parse websocket frame.
CloseHandler: 127.0.0.1:44404 disconnected
Version: B75689 (SC2.4.10)
Build: Aug 12 2019 17:16:57
Command Line: '"/home/yamoling/3rdparty/StarCraftII/Versions/Base75689/SC2_x64" -listen 127.0.0.1 -port 33141 -dataDir /home/yamoling/3rdparty/StarCraftII/ -tempDir /tmp/sc-a8orm6fh/'
Starting up...
Startup Phase 1 complete
Startup Phase 2 complete
Creating stub renderer...
Listening on: 127.0.0.1:33141
Startup Phase 3 complete. Ready for commands.
ConnectHandler: Request from 127.0.0.1:51024 accepted
ReadyHandler: 127.0.0.1:51024 ready
Requesting to join a single player game
Configuring interface options
Configure: raw interface enabled
Configure: feature layer interface disabled
Configure: score interface disabled
Configure: render interface disabled
Launching next game.
Next launch phase started: 2
Next launch phase started: 3
Next launch phase started: 4
Next launch phase started: 5
Next launch phase started: 6
Next launch phase started: 7
Next launch phase started: 8
Game has started.
Using default stable ids, none found at: /home/yamoling/3rdparty/StarCraftII/stableid.json
Successfully loaded stable ids: GameData\stableid.json
Sending ResponseJoinGame
RequestQuit command received.
DataHandler: unable to parse websocket frame.
Closing Application...
CloseHandler: 127.0.0.1:51842 disconnected
Version: B75689 (SC2.4.10)
Build: Aug 12 2019 17:16:57
Command Line: '"/home/yamoling/3rdparty/StarCraftII/Versions/Base75689/SC2_x64" -listen 127.0.0.1 -port 46831 -dataDir /home/yamoling/3rdparty/StarCraftII/ -tempDir /tmp/sc-b2zt18k4/'
Starting up...
Startup Phase 1 complete
Startup Phase 2 complete
Creating stub renderer...
Listening on: 127.0.0.1:46831
Startup Phase 3 complete. Ready for commands.
ConnectHandler: Request from 127.0.0.1:42108 accepted
ReadyHandler: 127.0.0.1:42108 ready
Requesting to join a single player game
Configuring interface options
Configure: raw interface enabled
Configure: feature layer interface disabled
Configure: score interface disabled
Configure: render interface disabled
Launching next game.
Next launch phase started: 2
Next launch phase started: 3
Next launch phase started: 4
Next launch phase started: 5
Next launch phase started: 6
Next launch phase started: 7
Next launch phase started: 8
Game has started.
Using default stable ids, none found at: /home/yamoling/3rdparty/StarCraftII/stableid.json
Successfully loaded stable ids: GameData\stableid.json
Sending ResponseJoinGame
RequestQuit command received.
Closing Application...
DataHandler: unable to parse websocket frame.
CloseHandler: 127.0.0.1:59234 disconnected
Version: B75689 (SC2.4.10)
Build: Aug 12 2019 17:16:57
Command Line: '"/home/yamoling/3rdparty/StarCraftII/Versions/Base75689/SC2_x64" -listen 127.0.0.1 -port 34813 -dataDir /home/yamoling/3rdparty/StarCraftII/ -tempDir /tmp/sc-kk_ozmaq/'
Starting up...
Startup Phase 1 complete
Startup Phase 2 complete
Creating stub renderer...
Listening on: 127.0.0.1:34813
Startup Phase 3 complete. Ready for commands.
ConnectHandler: Request from 127.0.0.1:48646 accepted
ReadyHandler: 127.0.0.1:48646 ready
Requesting to join a single player game
Configuring interface options
Configure: raw interface enabled
Configure: feature layer interface disabled
Configure: score interface disabled
Configure: render interface disabled
Launching next game.
Next launch phase started: 2
Next launch phase started: 3
Next launch phase started: 4
Next launch phase started: 5
Next launch phase started: 6
Next launch phase started: 7
Next launch phase started: 8
Game has started.
Using default stable ids, none found at: /home/yamoling/3rdparty/StarCraftII/stableid.json
Successfully loaded stable ids: GameData\stableid.json
Sending ResponseJoinGame
RequestQuit command received.
DataHandler: unable to parse websocket frame.
CloseHandler: 127.0.0.1:34402 disconnected
Closing Application...
Version: B75689 (SC2.4.10)
Build: Aug 12 2019 17:16:57
Command Line: '"/home/yamoling/3rdparty/StarCraftII/Versions/Base75689/SC2_x64" -listen 127.0.0.1 -port 40523 -dataDir /home/yamoling/3rdparty/StarCraftII/ -tempDir /tmp/sc-tri5la_x/'
Starting up...
Startup Phase 1 complete
Startup Phase 2 complete
Creating stub renderer...
Listening on: 127.0.0.1:40523
Startup Phase 3 complete. Ready for commands.
ConnectHandler: Request from 127.0.0.1:40730 accepted
ReadyHandler: 127.0.0.1:40730 ready
Requesting to join a single player game
Configuring interface options
Configure: raw interface enabled
Configure: feature layer interface disabled
Configure: score interface disabled
Configure: render interface disabled
Launching next game.
Next launch phase started: 2
Next launch phase started: 3
Next launch phase started: 4
Next launch phase started: 5
Next launch phase started: 6
Next launch phase started: 7
Next launch phase started: 8
Game has started.
Using default stable ids, none found at: /home/yamoling/3rdparty/StarCraftII/stableid.json
Successfully loaded stable ids: GameData\stableid.json
Sending ResponseJoinGame
RequestQuit command received.
Closing Application...
DataHandler: unable to parse websocket frame.
CloseHandler: 127.0.0.1:48972 disconnected
Version: B75689 (SC2.4.10)
Build: Aug 12 2019 17:16:57
Command Line: '"/home/yamoling/3rdparty/StarCraftII/Versions/Base75689/SC2_x64" -listen 127.0.0.1 -port 39173 -dataDir /home/yamoling/3rdparty/StarCraftII/ -tempDir /tmp/sc-kfup1hvw/'
Starting up...
Startup Phase 1 complete
Startup Phase 2 complete
Creating stub renderer...
Listening on: 127.0.0.1:39173
Startup Phase 3 complete. Ready for commands.
ConnectHandler: Request from 127.0.0.1:43660 accepted
ReadyHandler: 127.0.0.1:43660 ready
Requesting to join a single player game
Configuring interface options
Configure: raw interface enabled
Configure: feature layer interface disabled
Configure: score interface disabled
Configure: render interface disabled
Launching next game.
Next launch phase started: 2
Next launch phase started: 3
Next launch phase started: 4
Next launch phase started: 5
Next launch phase started: 6
Next launch phase started: 7
Next launch phase started: 8
Game has started.
Using default stable ids, none found at: /home/yamoling/3rdparty/StarCraftII/stableid.json
Successfully loaded stable ids: GameData\stableid.json
Sending ResponseJoinGame
RequestQuit command received.
Closing Application...
DataHandler: unable to parse websocket frame.
CloseHandler: 127.0.0.1:47816 disconnected
Version: B75689 (SC2.4.10)
Build: Aug 12 2019 17:16:57
Command Line: '"/home/yamoling/3rdparty/StarCraftII/Versions/Base75689/SC2_x64" -listen 127.0.0.1 -port 44055 -dataDir /home/yamoling/3rdparty/StarCraftII/ -tempDir /tmp/sc-jo9j_euv/'
Starting up...
Startup Phase 1 complete
Startup Phase 2 complete
Creating stub renderer...
Listening on: 127.0.0.1:44055
Startup Phase 3 complete. Ready for commands.
ConnectHandler: Request from 127.0.0.1:58226 accepted
ReadyHandler: 127.0.0.1:58226 ready
Requesting to join a single player game
Configuring interface options
Configure: raw interface enabled
Configure: feature layer interface disabled
Configure: score interface disabled
Configure: render interface disabled
Launching next game.
Next launch phase started: 2
Next launch phase started: 3
Next launch phase started: 4
Next launch phase started: 5
Next launch phase started: 6
Next launch phase started: 7
Next launch phase started: 8
Game has started.
Using default stable ids, none found at: /home/yamoling/3rdparty/StarCraftII/stableid.json
Successfully loaded stable ids: GameData\stableid.json
Sending ResponseJoinGame
RequestQuit command received.
DataHandler: unable to parse websocket frame.
Closing Application...
CloseHandler: 127.0.0.1:43360 disconnected
Version: B75689 (SC2.4.10)
Build: Aug 12 2019 17:16:57
Command Line: '"/home/yamoling/3rdparty/StarCraftII/Versions/Base75689/SC2_x64" -listen 127.0.0.1 -port 42613 -dataDir /home/yamoling/3rdparty/StarCraftII/ -tempDir /tmp/sc-x7cj7vib/'
Starting up...
Startup Phase 1 complete
RequestQuit command received.
Closing Application...
DataHandler: unable to parse websocket frame.
CloseHandler: 127.0.0.1:36358 disconnected
Version: B75689 (SC2.4.10)
Build: Aug 12 2019 17:16:57
Command Line: '"/home/yamoling/3rdparty/StarCraftII/Versions/Base75689/SC2_x64" -listen 127.0.0.1 -port 44263 -dataDir /home/yamoling/3rdparty/StarCraftII/ -tempDir /tmp/sc-v9nduy5r/'
Starting up...
Startup Phase 1 complete
RequestQuit command received.
Closing Application...
DataHandler: unable to parse websocket frame.
CloseHandler: 127.0.0.1:47380 disconnected
Version: B75689 (SC2.4.10)
Build: Aug 12 2019 17:16:57
Command Line: '"/home/yamoling/3rdparty/StarCraftII/Versions/Base75689/SC2_x64" -listen 127.0.0.1 -port 34939 -dataDir /home/yamoling/3rdparty/StarCraftII/ -tempDir /tmp/sc-ti5rp78e/'
Starting up...
Startup Phase 1 complete
Startup Phase 2 complete
Creating stub renderer...
Listening on: 127.0.0.1:42613
Startup Phase 3 complete. Ready for commands.
Startup Phase 2 complete
Creating stub renderer...
Startup Phase 2 complete
Creating stub renderer...
Listening on: 127.0.0.1:44263
Startup Phase 3 complete. Ready for commands.
ConnectHandler: Request from 127.0.0.1:50306 accepted
ReadyHandler: 127.0.0.1:50306 ready
Requesting to join a single player game
Configuring interface options
Configure: raw interface enabled
Configure: feature layer interface disabled
Configure: score interface disabled
Configure: render interface disabled
Launching next game.
Next launch phase started: 2
Next launch phase started: 3
Next launch phase started: 4
Next launch phase started: 5
Next launch phase started: 6
Next launch phase started: 7
Next launch phase started: 8
Listening on: 127.0.0.1:34939
Startup Phase 3 complete. Ready for commands.
ConnectHandler: Request from 127.0.0.1:41862 accepted
ReadyHandler: 127.0.0.1:41862 ready
Requesting to join a single player game
Configuring interface options
Configure: raw interface enabled
Configure: feature layer interface disabled
Configure: score interface disabled
Configure: render interface disabled
Launching next game.
Next launch phase started: 2
Next launch phase started: 3
Next launch phase started: 4
Next launch phase started: 5
Next launch phase started: 6
Next launch phase started: 7
Next launch phase started: 8
ConnectHandler: Request from 127.0.0.1:38612 accepted
ReadyHandler: 127.0.0.1:38612 ready
Requesting to join a single player game
Configuring interface options
Configure: raw interface enabled
Configure: feature layer interface disabled
Configure: score interface disabled
Configure: render interface disabled
Launching next game.
Next launch phase started: 2
Next launch phase started: 3
Next launch phase started: 4
Next launch phase started: 5
Next launch phase started: 6
Next launch phase started: 7
Next launch phase started: 8
RequestQuit command received.
Closing Application...
DataHandler: unable to parse websocket frame.
CloseHandler: 127.0.0.1:58998 disconnected
Version: B75689 (SC2.4.10)
Build: Aug 12 2019 17:16:57
Command Line: '"/home/yamoling/3rdparty/StarCraftII/Versions/Base75689/SC2_x64" -listen 127.0.0.1 -port 42101 -dataDir /home/yamoling/3rdparty/StarCraftII/ -tempDir /tmp/sc-rvjt8h4o/'
Starting up...
Startup Phase 1 complete
Startup Phase 2 complete
Creating stub renderer...
Listening on: 127.0.0.1:42101
Startup Phase 3 complete. Ready for commands.
ConnectHandler: Request from 127.0.0.1:39246 accepted
ReadyHandler: 127.0.0.1:39246 ready
Requesting to join a single player game
Configuring interface options
Configure: raw interface enabled
Configure: feature layer interface disabled
Configure: score interface disabled
Configure: render interface disabled
Launching next game.
Next launch phase started: 2
Next launch phase started: 3
Next launch phase started: 4
Next launch phase started: 5
Next launch phase started: 6
Next launch phase started: 7
Next launch phase started: 8
Game has started.
Using default stable ids, none found at: /home/yamoling/3rdparty/StarCraftII/stableid.json
Successfully loaded stable ids: GameData\stableid.json
Sending ResponseJoinGame
Game has started.
Using default stable ids, none found at: /home/yamoling/3rdparty/StarCraftII/stableid.json
Successfully loaded stable ids: GameData\stableid.json
Sending ResponseJoinGame
Game has started.
Using default stable ids, none found at: /home/yamoling/3rdparty/StarCraftII/stableid.json
Successfully loaded stable ids: GameData\stableid.json
Sending ResponseJoinGame
Game has started.
Using default stable ids, none found at: /home/yamoling/3rdparty/StarCraftII/stableid.json
Successfully loaded stable ids: GameData\stableid.json
Sending ResponseJoinGame
RequestQuit command received.
DataHandler: unable to parse websocket frame.
Closing Application...
CloseHandler: 127.0.0.1:47212 disconnected
Version: B75689 (SC2.4.10)
Build: Aug 12 2019 17:16:57
Command Line: '"/home/yamoling/3rdparty/StarCraftII/Versions/Base75689/SC2_x64" -listen 127.0.0.1 -port 40081 -dataDir /home/yamoling/3rdparty/StarCraftII/ -tempDir /tmp/sc-z6pt6wc5/'
Starting up...
Startup Phase 1 complete
RequestQuit command received.
DataHandler: unable to parse websocket frame.
Closing Application...
CloseHandler: 127.0.0.1:52902 disconnected
ResponseThread: No connection, dropping the response.
Version: B75689 (SC2.4.10)
Build: Aug 12 2019 17:16:57
Command Line: '"/home/yamoling/3rdparty/StarCraftII/Versions/Base75689/SC2_x64" -listen 127.0.0.1 -port 42319 -dataDir /home/yamoling/3rdparty/StarCraftII/ -tempDir /tmp/sc-kklzfa4j/'
Starting up...
Startup Phase 1 complete
Startup Phase 2 complete
Creating stub renderer...
Listening on: 127.0.0.1:40081
Startup Phase 3 complete. Ready for commands.
Startup Phase 2 complete
Creating stub renderer...
ConnectHandler: Request from 127.0.0.1:53848 accepted
ReadyHandler: 127.0.0.1:53848 ready
Requesting to join a single player game
Configuring interface options
Configure: raw interface enabled
Configure: feature layer interface disabled
Configure: score interface disabled
Configure: render interface disabled
Launching next game.
Next launch phase started: 2
Next launch phase started: 3
Next launch phase started: 4
Next launch phase started: 5
Next launch phase started: 6
Next launch phase started: 7
Next launch phase started: 8
Listening on: 127.0.0.1:42319
Startup Phase 3 complete. Ready for commands.
ConnectHandler: Request from 127.0.0.1:55858 accepted
ReadyHandler: 127.0.0.1:55858 ready
Requesting to join a single player game
Configuring interface options
Configure: raw interface enabled
Configure: feature layer interface disabled
Configure: score interface disabled
Configure: render interface disabled
Launching next game.
Next launch phase started: 2
Next launch phase started: 3
Next launch phase started: 4
Next launch phase started: 5
Next launch phase started: 6
Next launch phase started: 7
Next launch phase started: 8
Game has started.
Using default stable ids, none found at: /home/yamoling/3rdparty/StarCraftII/stableid.json
Successfully loaded stable ids: GameData\stableid.json
Sending ResponseJoinGame
Game has started.
Using default stable ids, none found at: /home/yamoling/3rdparty/StarCraftII/stableid.json
Successfully loaded stable ids: GameData\stableid.json
Sending ResponseJoinGame
RequestQuit command received.
Closing Application...
DataHandler: unable to parse websocket frame.
CloseHandler: 127.0.0.1:53140 disconnected
Version: B75689 (SC2.4.10)
Build: Aug 12 2019 17:16:57
Command Line: '"/home/yamoling/3rdparty/StarCraftII/Versions/Base75689/SC2_x64" -listen 127.0.0.1 -port 43367 -dataDir /home/yamoling/3rdparty/StarCraftII/ -tempDir /tmp/sc-cba035c6/'
Starting up...
Startup Phase 1 complete
Startup Phase 2 complete
Creating stub renderer...
Listening on: 127.0.0.1:43367
Startup Phase 3 complete. Ready for commands.
ConnectHandler: Request from 127.0.0.1:39256 accepted
ReadyHandler: 127.0.0.1:39256 ready
Requesting to join a single player game
Configuring interface options
Configure: raw interface enabled
Configure: feature layer interface disabled
Configure: score interface disabled
Configure: render interface disabled
Launching next game.
Next launch phase started: 2
Next launch phase started: 3
Next launch phase started: 4
Next launch phase started: 5
Next launch phase started: 6
Next launch phase started: 7
Next launch phase started: 8
Game has started.
Using default stable ids, none found at: /home/yamoling/3rdparty/StarCraftII/stableid.json
Successfully loaded stable ids: GameData\stableid.json
Sending ResponseJoinGame
RequestQuit command received.
Closing Application...
DataHandler: unable to parse websocket frame.
CloseHandler: 127.0.0.1:51882 disconnected
Version: B75689 (SC2.4.10)
Build: Aug 12 2019 17:16:57
Command Line: '"/home/yamoling/3rdparty/StarCraftII/Versions/Base75689/SC2_x64" -listen 127.0.0.1 -port 41137 -dataDir /home/yamoling/3rdparty/StarCraftII/ -tempDir /tmp/sc-uq_rf087/'
Starting up...
Startup Phase 1 complete
Startup Phase 2 complete
Creating stub renderer...
Listening on: 127.0.0.1:41137
Startup Phase 3 complete. Ready for commands.
ConnectHandler: Request from 127.0.0.1:41364 accepted
ReadyHandler: 127.0.0.1:41364 ready
Requesting to join a single player game
Configuring interface options
Configure: raw interface enabled
Configure: feature layer interface disabled
Configure: score interface disabled
Configure: render interface disabled
Launching next game.
Next launch phase started: 2
Next launch phase started: 3
Next launch phase started: 4
Next launch phase started: 5
Next launch phase started: 6
Next launch phase started: 7
Next launch phase started: 8
RequestQuit command received.
DataHandler: unable to parse websocket frame.
CloseHandler: 127.0.0.1:53112 disconnected
Closing Application...
Version: B75689 (SC2.4.10)
Build: Aug 12 2019 17:16:57
Command Line: '"/home/yamoling/3rdparty/StarCraftII/Versions/Base75689/SC2_x64" -listen 127.0.0.1 -port 42687 -dataDir /home/yamoling/3rdparty/StarCraftII/ -tempDir /tmp/sc-vgx9nojr/'
Starting up...
Startup Phase 1 complete
RequestQuit command received.
Closing Application...
DataHandler: unable to parse websocket frame.
CloseHandler: 127.0.0.1:49274 disconnected
Game has started.
Using default stable ids, none found at: /home/yamoling/3rdparty/StarCraftII/stableid.json
Successfully loaded stable ids: GameData\stableid.json
Sending ResponseJoinGame
Version: B75689 (SC2.4.10)
Build: Aug 12 2019 17:16:57
Command Line: '"/home/yamoling/3rdparty/StarCraftII/Versions/Base75689/SC2_x64" -listen 127.0.0.1 -port 36277 -dataDir /home/yamoling/3rdparty/StarCraftII/ -tempDir /tmp/sc-x9pjorai/'
Starting up...
Startup Phase 1 complete
Startup Phase 2 complete
Creating stub renderer...
Listening on: 127.0.0.1:42687
Startup Phase 3 complete. Ready for commands.
Startup Phase 2 complete
Creating stub renderer...
ConnectHandler: Request from 127.0.0.1:56086 accepted
ReadyHandler: 127.0.0.1:56086 ready
Requesting to join a single player game
Configuring interface options
Configure: raw interface enabled
Configure: feature layer interface disabled
Configure: score interface disabled
Configure: render interface disabled
Launching next game.
Next launch phase started: 2
Next launch phase started: 3
Next launch phase started: 4
Next launch phase started: 5
Next launch phase started: 6
Next launch phase started: 7
Next launch phase started: 8
Listening on: 127.0.0.1:36277
Startup Phase 3 complete. Ready for commands.
ConnectHandler: Request from 127.0.0.1:53234 accepted
ReadyHandler: 127.0.0.1:53234 ready
Requesting to join a single player game
Configuring interface options
Configure: raw interface enabled
Configure: feature layer interface disabled
Configure: score interface disabled
Configure: render interface disabled
Launching next game.
Next launch phase started: 2
Next launch phase started: 3
Next launch phase started: 4
Next launch phase started: 5
Next launch phase started: 6
Next launch phase started: 7
Next launch phase started: 8
RequestQuit command received.
Closing Application...
DataHandler: unable to parse websocket frame.
CloseHandler: 127.0.0.1:48542 disconnected
Version: B75689 (SC2.4.10)
Build: Aug 12 2019 17:16:57
Command Line: '"/home/yamoling/3rdparty/StarCraftII/Versions/Base75689/SC2_x64" -listen 127.0.0.1 -port 42121 -dataDir /home/yamoling/3rdparty/StarCraftII/ -tempDir /tmp/sc-mn45dmj1/'
Starting up...
Startup Phase 1 complete
Game has started.
Using default stable ids, none found at: /home/yamoling/3rdparty/StarCraftII/stableid.json
Successfully loaded stable ids: GameData\stableid.json
Sending ResponseJoinGame
Startup Phase 2 complete
Creating stub renderer...
Game has started.
Using default stable ids, none found at: /home/yamoling/3rdparty/StarCraftII/stableid.json
Successfully loaded stable ids: GameData\stableid.json
Sending ResponseJoinGame
Listening on: 127.0.0.1:42121
Startup Phase 3 complete. Ready for commands.
ConnectHandler: Request from 127.0.0.1:42982 accepted
ReadyHandler: 127.0.0.1:42982 ready
Requesting to join a single player game
Configuring interface options
Configure: raw interface enabled
Configure: feature layer interface disabled
Configure: score interface disabled
Configure: render interface disabled
Launching next game.
Next launch phase started: 2
Next launch phase started: 3
Next launch phase started: 4
Next launch phase started: 5
Next launch phase started: 6
Next launch phase started: 7
Next launch phase started: 8
Game has started.
Using default stable ids, none found at: /home/yamoling/3rdparty/StarCraftII/stableid.json
Successfully loaded stable ids: GameData\stableid.json
Sending ResponseJoinGame
RequestQuit command received.
Closing Application...
DataHandler: unable to parse websocket frame.
CloseHandler: 127.0.0.1:41056 disconnected
Version: B75689 (SC2.4.10)
Build: Aug 12 2019 17:16:57
Command Line: '"/home/yamoling/3rdparty/StarCraftII/Versions/Base75689/SC2_x64" -listen 127.0.0.1 -port 36125 -dataDir /home/yamoling/3rdparty/StarCraftII/ -tempDir /tmp/sc-99c8ctkj/'
Starting up...
Startup Phase 1 complete
Startup Phase 2 complete
Creating stub renderer...
Listening on: 127.0.0.1:36125
Startup Phase 3 complete. Ready for commands.
ConnectHandler: Request from 127.0.0.1:55222 accepted
ReadyHandler: 127.0.0.1:55222 ready
Requesting to join a single player game
Configuring interface options
Configure: raw interface enabled
Configure: feature layer interface disabled
Configure: score interface disabled
Configure: render interface disabled
Launching next game.
Next launch phase started: 2
Next launch phase started: 3
Next launch phase started: 4
Next launch phase started: 5
Next launch phase started: 6
Next launch phase started: 7
Next launch phase started: 8
Game has started.
Using default stable ids, none found at: /home/yamoling/3rdparty/StarCraftII/stableid.json
Successfully loaded stable ids: GameData\stableid.json
Sending ResponseJoinGame
RequestQuit command received.
DataHandler: unable to parse websocket frame.
Closing Application...
CloseHandler: 127.0.0.1:34120 disconnected
RequestQuit command received.
DataHandler: unable to parse websocket frame.
CloseHandler: 127.0.0.1:40862 disconnected
Closing Application...
RequestQuit command received.
Closing Application...
DataHandler: unable to parse websocket frame.
CloseHandler: 127.0.0.1:41676 disconnected
RequestQuit command received.
Closing Application...
DataHandler: unable to parse websocket frame.
CloseHandler: 127.0.0.1:51024 disconnected
RequestQuit command received.
DataHandler: unable to parse websocket frame.
Closing Application...
CloseHandler: 127.0.0.1:54642 disconnected
Version: B75689 (SC2.4.10)
Build: Aug 12 2019 17:16:57
Command Line: '"/home/yamoling/3rdparty/StarCraftII/Versions/Base75689/SC2_x64" -listen 127.0.0.1 -port 38039 -dataDir /home/yamoling/3rdparty/StarCraftII/ -tempDir /tmp/sc-hzowvjhb/'
Starting up...
Startup Phase 1 complete
Startup Phase 2 complete
Creating stub renderer...
Listening on: 127.0.0.1:38039
Startup Phase 3 complete. Ready for commands.
ConnectHandler: Request from 127.0.0.1:44720 accepted
ReadyHandler: 127.0.0.1:44720 ready
Requesting to join a single player game
Configuring interface options
Configure: raw interface enabled
Configure: feature layer interface disabled
Configure: score interface disabled
Configure: render interface disabled
Launching next game.
Next launch phase started: 2
Next launch phase started: 3
Next launch phase started: 4
Next launch phase started: 5
Next launch phase started: 6
Next launch phase started: 7
Next launch phase started: 8
Game has started.
Using default stable ids, none found at: /home/yamoling/3rdparty/StarCraftII/stableid.json
Successfully loaded stable ids: GameData\stableid.json
Sending ResponseJoinGame
RequestQuit command received.
Closing Application...
DataHandler: unable to parse websocket frame.
CloseHandler: 127.0.0.1:41442 disconnected
Version: B75689 (SC2.4.10)
Build: Aug 12 2019 17:16:57
Command Line: '"/home/yamoling/3rdparty/StarCraftII/Versions/Base75689/SC2_x64" -listen 127.0.0.1 -port 43961 -dataDir /home/yamoling/3rdparty/StarCraftII/ -tempDir /tmp/sc-r7ycurxo/'
Starting up...
Startup Phase 1 complete
Startup Phase 2 complete
Creating stub renderer...
Listening on: 127.0.0.1:43961
Startup Phase 3 complete. Ready for commands.
ConnectHandler: Request from 127.0.0.1:45230 accepted
ReadyHandler: 127.0.0.1:45230 ready
Requesting to join a single player game
Configuring interface options
Configure: raw interface enabled
Configure: feature layer interface disabled
Configure: score interface disabled
Configure: render interface disabled
Launching next game.
Next launch phase started: 2
Next launch phase started: 3
Next launch phase started: 4
Next launch phase started: 5
Next launch phase started: 6
Next launch phase started: 7
Next launch phase started: 8
RequestQuit command received.
DataHandler: unable to parse websocket frame.
CloseHandler: 127.0.0.1:33542 disconnected
Closing Application...
RequestQuit command received.
Closing Application...
DataHandler: unable to parse websocket frame.
CloseHandler: 127.0.0.1:43660 disconnected
Game has started.
Using default stable ids, none found at: /home/yamoling/3rdparty/StarCraftII/stableid.json
Successfully loaded stable ids: GameData\stableid.json
Sending ResponseJoinGame
RequestQuit command received.
DataHandler: unable to parse websocket frame.
Closing Application...
CloseHandler: 127.0.0.1:33694 disconnected
RequestQuit command received.
Closing Application...
DataHandler: unable to parse websocket frame.
CloseHandler: 127.0.0.1:50306 disconnected
RequestQuit command received.
DataHandler: unable to parse websocket frame.
Closing Application...
CloseHandler: 127.0.0.1:53588 disconnected
Version: B75689 (SC2.4.10)
Build: Aug 12 2019 17:16:57
Command Line: '"/home/yamoling/3rdparty/StarCraftII/Versions/Base75689/SC2_x64" -listen 127.0.0.1 -port 37105 -dataDir /home/yamoling/3rdparty/StarCraftII/ -tempDir /tmp/sc-wcrbk3p2/'
Starting up...
Startup Phase 1 complete
Startup Phase 2 complete
Creating stub renderer...
Listening on: 127.0.0.1:37105
Startup Phase 3 complete. Ready for commands.
ConnectHandler: Request from 127.0.0.1:45448 accepted
ReadyHandler: 127.0.0.1:45448 ready
Requesting to join a single player game
Configuring interface options
Configure: raw interface enabled
Configure: feature layer interface disabled
Configure: score interface disabled
Configure: render interface disabled
Launching next game.
Next launch phase started: 2
Next launch phase started: 3
Next launch phase started: 4
Next launch phase started: 5
Next launch phase started: 6
Next launch phase started: 7
Next launch phase started: 8
Game has started.
Using default stable ids, none found at: /home/yamoling/3rdparty/StarCraftII/stableid.json
Successfully loaded stable ids: GameData\stableid.json
Sending ResponseJoinGame
RequestQuit command received.
Closing Application...
DataHandler: unable to parse websocket frame.
CloseHandler: 127.0.0.1:60266 disconnected
RequestQuit command received.
Closing Application...
DataHandler: unable to parse websocket frame.
CloseHandler: 127.0.0.1:53848 disconnected
RequestQuit command received.
Closing Application...
DataHandler: unable to parse websocket frame.
CloseHandler: 127.0.0.1:40664 disconnected
Version: B75689 (SC2.4.10)
Build: Aug 12 2019 17:16:57
Command Line: '"/home/yamoling/3rdparty/StarCraftII/Versions/Base75689/SC2_x64" -listen 127.0.0.1 -port 35867 -dataDir /home/yamoling/3rdparty/StarCraftII/ -tempDir /tmp/sc-rh19oced/'
Starting up...
Startup Phase 1 complete
Startup Phase 2 complete
Creating stub renderer...
Listening on: 127.0.0.1:35867
Startup Phase 3 complete. Ready for commands.
ConnectHandler: Request from 127.0.0.1:57172 accepted
ReadyHandler: 127.0.0.1:57172 ready
Requesting to join a single player game
Configuring interface options
Configure: raw interface enabled
Configure: feature layer interface disabled
Configure: score interface disabled
Configure: render interface disabled
Launching next game.
Next launch phase started: 2
Next launch phase started: 3
Next launch phase started: 4
Next launch phase started: 5
Next launch phase started: 6
Next launch phase started: 7
Next launch phase started: 8
Game has started.
Using default stable ids, none found at: /home/yamoling/3rdparty/StarCraftII/stableid.json
Successfully loaded stable ids: GameData\stableid.json
Sending ResponseJoinGame
RequestQuit command received.
DataHandler: unable to parse websocket frame.
Closing Application...
CloseHandler: 127.0.0.1:48646 disconnected
Version: B75689 (SC2.4.10)
Build: Aug 12 2019 17:16:57
Command Line: '"/home/yamoling/3rdparty/StarCraftII/Versions/Base75689/SC2_x64" -listen 127.0.0.1 -port 43803 -dataDir /home/yamoling/3rdparty/StarCraftII/ -tempDir /tmp/sc-usb21z3x/'
Starting up...
Startup Phase 1 complete
Startup Phase 2 complete
Creating stub renderer...
Listening on: 127.0.0.1:43803
Startup Phase 3 complete. Ready for commands.
ConnectHandler: Request from 127.0.0.1:38426 accepted
ReadyHandler: 127.0.0.1:38426 ready
Requesting to join a single player game
Configuring interface options
Configure: raw interface enabled
Configure: feature layer interface disabled
Configure: score interface disabled
Configure: render interface disabled
Launching next game.
Next launch phase started: 2
Next launch phase started: 3
Next launch phase started: 4
Next launch phase started: 5
Next launch phase started: 6
Next launch phase started: 7
Next launch phase started: 8
Game has started.
Using default stable ids, none found at: /home/yamoling/3rdparty/StarCraftII/stableid.json
Successfully loaded stable ids: GameData\stableid.json
Sending ResponseJoinGame
RequestQuit command received.
DataHandler: unable to parse websocket frame.
Closing Application...
CloseHandler: 127.0.0.1:40730 disconnected
Version: B75689 (SC2.4.10)
Build: Aug 12 2019 17:16:57
Command Line: '"/home/yamoling/3rdparty/StarCraftII/Versions/Base75689/SC2_x64" -listen 127.0.0.1 -port 46215 -dataDir /home/yamoling/3rdparty/StarCraftII/ -tempDir /tmp/sc-xjuo603h/'
Starting up...
Startup Phase 1 complete
Startup Phase 2 complete
Creating stub renderer...
Listening on: 127.0.0.1:46215
Startup Phase 3 complete. Ready for commands.
ConnectHandler: Request from 127.0.0.1:53566 accepted
ReadyHandler: 127.0.0.1:53566 ready
Requesting to join a single player game
Configuring interface options
Configure: raw interface enabled
Configure: feature layer interface disabled
Configure: score interface disabled
Configure: render interface disabled
Launching next game.
Next launch phase started: 2
Next launch phase started: 3
Next launch phase started: 4
Next launch phase started: 5
Next launch phase started: 6
Next launch phase started: 7
Next launch phase started: 8
RequestQuit command received.
DataHandler: unable to parse websocket frame.
CloseHandler: 127.0.0.1:47208 disconnected
DataHandler: unable to parse websocket frame.
RequestQuit command received.
Closing Application...
CloseHandler: 127.0.0.1:55222 disconnected
Game has started.
Using default stable ids, none found at: /home/yamoling/3rdparty/StarCraftII/stableid.json
Successfully loaded stable ids: GameData\stableid.json
Sending ResponseJoinGame
RequestQuit command received.
Closing Application...
DataHandler: unable to parse websocket frame.
CloseHandler: 127.0.0.1:58226 disconnected
RequestQuit command received.
Closing Application...
DataHandler: unable to parse websocket frame.
CloseHandler: 127.0.0.1:42108 disconnected
Version: B75689 (SC2.4.10)
Build: Aug 12 2019 17:16:57
Command Line: '"/home/yamoling/3rdparty/StarCraftII/Versions/Base75689/SC2_x64" -listen 127.0.0.1 -port 42539 -dataDir /home/yamoling/3rdparty/StarCraftII/ -tempDir /tmp/sc-2z9a9pac/'
Version: B75689 (SC2.4.10)
Build: Aug 12 2019 17:16:57
Command Line: '"/home/yamoling/3rdparty/StarCraftII/Versions/Base75689/SC2_x64" -listen 127.0.0.1 -port 38535 -dataDir /home/yamoling/3rdparty/StarCraftII/ -tempDir /tmp/sc-025mdqho/'
Starting up...
Starting up...
Startup Phase 1 complete
Startup Phase 1 complete
Startup Phase 2 complete
Creating stub renderer...
Startup Phase 2 complete
Creating stub renderer...
Listening on: 127.0.0.1:42539
Startup Phase 3 complete. Ready for commands.
Listening on: 127.0.0.1:38535
Startup Phase 3 complete. Ready for commands.
ConnectHandler: Request from 127.0.0.1:45724 accepted
ReadyHandler: 127.0.0.1:45724 ready
ConnectHandler: Request from 127.0.0.1:56544 accepted
Requesting to join a single player game
Configuring interface options
Configure: raw interface enabled
Configure: feature layer interface disabled
Configure: score interface disabled
ReadyHandler: 127.0.0.1:56544 ready
Configure: render interface disabled
Launching next game.
Next launch phase started: 2
Next launch phase started: 3
Next launch phase started: 4
Next launch phase started: 5
Next launch phase started: 6
Next launch phase started: 7
Next launch phase started: 8
Requesting to join a single player game
Configuring interface options
Configure: raw interface enabled
Configure: feature layer interface disabled
Configure: score interface disabled
Configure: render interface disabled
Launching next game.
Next launch phase started: 2
Next launch phase started: 3
Next launch phase started: 4
Next launch phase started: 5
Next launch phase started: 6
Next launch phase started: 7
Next launch phase started: 8
Game has started.
Using default stable ids, none found at: /home/yamoling/3rdparty/StarCraftII/stableid.json
Successfully loaded stable ids: GameData\stableid.json
Sending ResponseJoinGame
Game has started.
Using default stable ids, none found at: /home/yamoling/3rdparty/StarCraftII/stableid.json
Successfully loaded stable ids: GameData\stableid.json
Sending ResponseJoinGame
DataHandler: unable to parse websocket frame.
RequestQuit command received.
CloseHandler: 127.0.0.1:38612 disconnected
Closing Application...
Version: B75689 (SC2.4.10)
Build: Aug 12 2019 17:16:57
Command Line: '"/home/yamoling/3rdparty/StarCraftII/Versions/Base75689/SC2_x64" -listen 127.0.0.1 -port 42005 -dataDir /home/yamoling/3rdparty/StarCraftII/ -tempDir /tmp/sc-fbk30jxh/'
Starting up...
Startup Phase 1 complete
Startup Phase 2 complete
Creating stub renderer...
Listening on: 127.0.0.1:42005
Startup Phase 3 complete. Ready for commands.
ConnectHandler: Request from 127.0.0.1:36426 accepted
ReadyHandler: 127.0.0.1:36426 ready
Requesting to join a single player game
Configuring interface options
Configure: raw interface enabled
Configure: feature layer interface disabled
Configure: score interface disabled
Configure: render interface disabled
Launching next game.
Next launch phase started: 2
Next launch phase started: 3
Next launch phase started: 4
Next launch phase started: 5
Next launch phase started: 6
Next launch phase started: 7
Next launch phase started: 8
Game has started.
Using default stable ids, none found at: /home/yamoling/3rdparty/StarCraftII/stableid.json
Successfully loaded stable ids: GameData\stableid.json
Sending ResponseJoinGame
RequestQuit command received.
DataHandler: unable to parse websocket frame.
CloseHandler: 127.0.0.1:55858 disconnected
Closing Application...
Version: B75689 (SC2.4.10)
Build: Aug 12 2019 17:16:57
Command Line: '"/home/yamoling/3rdparty/StarCraftII/Versions/Base75689/SC2_x64" -listen 127.0.0.1 -port 33041 -dataDir /home/yamoling/3rdparty/StarCraftII/ -tempDir /tmp/sc-yko90x9s/'
Starting up...
Startup Phase 1 complete
Startup Phase 2 complete
Creating stub renderer...
Listening on: 127.0.0.1:33041
Startup Phase 3 complete. Ready for commands.
ConnectHandler: Request from 127.0.0.1:42770 accepted
ReadyHandler: 127.0.0.1:42770 ready
Requesting to join a single player game
Configuring interface options
Configure: raw interface enabled
Configure: feature layer interface disabled
Configure: score interface disabled
Configure: render interface disabled
Launching next game.
Next launch phase started: 2
Next launch phase started: 3
Next launch phase started: 4
Next launch phase started: 5
Next launch phase started: 6
Next launch phase started: 7
Next launch phase started: 8
Game has started.
Using default stable ids, none found at: /home/yamoling/3rdparty/StarCraftII/stableid.json
Successfully loaded stable ids: GameData\stableid.json
Sending ResponseJoinGame
RequestQuit command received.
Closing Application...
DataHandler: unable to parse websocket frame.
CloseHandler: 127.0.0.1:39246 disconnected
Version: B75689 (SC2.4.10)
Build: Aug 12 2019 17:16:57
Command Line: '"/home/yamoling/3rdparty/StarCraftII/Versions/Base75689/SC2_x64" -listen 127.0.0.1 -port 43021 -dataDir /home/yamoling/3rdparty/StarCraftII/ -tempDir /tmp/sc-rdntmjpt/'
Starting up...
Startup Phase 1 complete
Startup Phase 2 complete
Creating stub renderer...
Listening on: 127.0.0.1:43021
ConnectHandler: Request from 127.0.0.1:46182 accepted
ReadyHandler: 127.0.0.1:46182 ready
Startup Phase 3 complete. Ready for commands.
Requesting to join a single player game
Configuring interface options
Configure: raw interface enabled
Configure: feature layer interface disabled
Configure: score interface disabled
Configure: render interface disabled
Launching next game.
Next launch phase started: 2
Next launch phase started: 3
Next launch phase started: 4
Next launch phase started: 5
Next launch phase started: 6
Next launch phase started: 7
Next launch phase started: 8
Game has started.
Using default stable ids, none found at: /home/yamoling/3rdparty/StarCraftII/stableid.json
Successfully loaded stable ids: GameData\stableid.json
Sending ResponseJoinGame
RequestQuit command received.
Closing Application...
DataHandler: unable to parse websocket frame.
CloseHandler: 127.0.0.1:50770 disconnected
Version: B75689 (SC2.4.10)
Build: Aug 12 2019 17:16:57
Command Line: '"/home/yamoling/3rdparty/StarCraftII/Versions/Base75689/SC2_x64" -listen 127.0.0.1 -port 36839 -dataDir /home/yamoling/3rdparty/StarCraftII/ -tempDir /tmp/sc-b5ilbvyn/'
Starting up...
Startup Phase 1 complete
Startup Phase 2 complete
Creating stub renderer...
Listening on: 127.0.0.1:36839
Startup Phase 3 complete. Ready for commands.
ConnectHandler: Request from 127.0.0.1:48880 accepted
ReadyHandler: 127.0.0.1:48880 ready
Requesting to join a single player game
Configuring interface options
Configure: raw interface enabled
Configure: feature layer interface disabled
Configure: score interface disabled
Configure: render interface disabled
Launching next game.
Next launch phase started: 2
Next launch phase started: 3
Next launch phase started: 4
Next launch phase started: 5
Next launch phase started: 6
Next launch phase started: 7
Next launch phase started: 8
Game has started.
Using default stable ids, none found at: /home/yamoling/3rdparty/StarCraftII/stableid.json
Successfully loaded stable ids: GameData\stableid.json
Sending ResponseJoinGame
RequestQuit command received.
Closing Application...
DataHandler: unable to parse websocket frame.
CloseHandler: 127.0.0.1:39256 disconnected
Version: B75689 (SC2.4.10)
Build: Aug 12 2019 17:16:57
Command Line: '"/home/yamoling/3rdparty/StarCraftII/Versions/Base75689/SC2_x64" -listen 127.0.0.1 -port 46263 -dataDir /home/yamoling/3rdparty/StarCraftII/ -tempDir /tmp/sc-c7fphyod/'
Starting up...
Startup Phase 1 complete
Startup Phase 2 complete
Creating stub renderer...
Listening on: 127.0.0.1:46263
Startup Phase 3 complete. Ready for commands.
ConnectHandler: Request from 127.0.0.1:39550 accepted
ReadyHandler: 127.0.0.1:39550 ready
Requesting to join a single player game
Configuring interface options
Configure: raw interface enabled
Configure: feature layer interface disabled
Configure: score interface disabled
Configure: render interface disabled
Launching next game.
Next launch phase started: 2
Next launch phase started: 3
Next launch phase started: 4
Next launch phase started: 5
Next launch phase started: 6
Next launch phase started: 7
Next launch phase started: 8
Game has started.
Using default stable ids, none found at: /home/yamoling/3rdparty/StarCraftII/stableid.json
Successfully loaded stable ids: GameData\stableid.json
Sending ResponseJoinGame
RequestQuit command received.
Closing Application...
DataHandler: unable to parse websocket frame.
CloseHandler: 127.0.0.1:56086 disconnected
Version: B75689 (SC2.4.10)
Build: Aug 12 2019 17:16:57
Command Line: '"/home/yamoling/3rdparty/StarCraftII/Versions/Base75689/SC2_x64" -listen 127.0.0.1 -port 45583 -dataDir /home/yamoling/3rdparty/StarCraftII/ -tempDir /tmp/sc-gr0sbyzy/'
Starting up...
Startup Phase 1 complete
Startup Phase 2 complete
Creating stub renderer...
Listening on: 127.0.0.1:45583
Startup Phase 3 complete. Ready for commands.
ConnectHandler: Request from 127.0.0.1:41466 accepted
ReadyHandler: 127.0.0.1:41466 ready
Requesting to join a single player game
Configuring interface options
Configure: raw interface enabled
Configure: feature layer interface disabled
Configure: score interface disabled
Configure: render interface disabled
Launching next game.
Next launch phase started: 2
Next launch phase started: 3
Next launch phase started: 4
Next launch phase started: 5
Next launch phase started: 6
Next launch phase started: 7
Next launch phase started: 8
Game has started.
Using default stable ids, none found at: /home/yamoling/3rdparty/StarCraftII/stableid.json
Successfully loaded stable ids: GameData\stableid.json
Sending ResponseJoinGame
RequestQuit command received.
Closing Application...
DataHandler: unable to parse websocket frame.
CloseHandler: 127.0.0.1:60732 disconnected
RequestQuit command received.
Closing Application...
DataHandler: unable to parse websocket frame.
CloseHandler: 127.0.0.1:45230 disconnected
RequestQuit command received.
Closing Application...
DataHandler: unable to parse websocket frame.
CloseHandler: 127.0.0.1:53234 disconnected
Version: B75689 (SC2.4.10)
Build: Aug 12 2019 17:16:57
Command Line: '"/home/yamoling/3rdparty/StarCraftII/Versions/Base75689/SC2_x64" -listen 127.0.0.1 -port 46403 -dataDir /home/yamoling/3rdparty/StarCraftII/ -tempDir /tmp/sc-j4dvgp_v/'
Starting up...
Startup Phase 1 complete
Startup Phase 2 complete
Creating stub renderer...
Listening on: 127.0.0.1:46403
Startup Phase 3 complete. Ready for commands.
ConnectHandler: Request from 127.0.0.1:53128 accepted
ReadyHandler: 127.0.0.1:53128 ready
Requesting to join a single player game
Configuring interface options
Configure: raw interface enabled
Configure: feature layer interface disabled
Configure: score interface disabled
Configure: render interface disabled
Launching next game.
Next launch phase started: 2
Next launch phase started: 3
Next launch phase started: 4
Next launch phase started: 5
Next launch phase started: 6
Next launch phase started: 7
Next launch phase started: 8
Game has started.
Using default stable ids, none found at: /home/yamoling/3rdparty/StarCraftII/stableid.json
Successfully loaded stable ids: GameData\stableid.json
Sending ResponseJoinGame
RequestQuit command received.
DataHandler: unable to parse websocket frame.
CloseHandler: 127.0.0.1:42982 disconnected
Closing Application...
RequestQuit command received.
DataHandler: unable to parse websocket frame.
CloseHandler: 127.0.0.1:57172 disconnected
Closing Application...
DataHandler: unable to parse websocket frame.
RequestQuit command received.
Closing Application...
CloseHandler: 127.0.0.1:41862 disconnected
RequestQuit command received.
DataHandler: unable to parse websocket frame.
CloseHandler: 127.0.0.1:38426 disconnected
Closing Application...
DataHandler: unable to parse websocket frame.
CloseHandler: 127.0.0.1:44720 disconnected
RequestQuit command received.
QueueResponse: No outstanding requests to this connection, dropping response: quit, id: 999999999
Closing Application...
RequestQuit command received.
Closing Application...
DataHandler: unable to parse websocket frame.
CloseHandler: 127.0.0.1:53566 disconnected
RequestQuit command received.
Closing Application...
DataHandler: unable to parse websocket frame.
CloseHandler: 127.0.0.1:48880 disconnected
RequestQuit command received.
Closing Application...
DataHandler: unable to parse websocket frame.
CloseHandler: 127.0.0.1:45724 disconnected
DataHandler: unable to parse websocket frame.
CloseHandler: 127.0.0.1:47770 disconnected
RequestQuit command received.
DataHandler: unable to parse websocket frame.
Closing Application...
CloseHandler: 127.0.0.1:56544 disconnected
RequestQuit command received.
DataHandler: unable to parse websocket frame.
CloseHandler: 127.0.0.1:41364 disconnected
Closing Application...
RequestQuit command received.
DataHandler: unable to parse websocket frame.
CloseHandler: 127.0.0.1:36426 disconnected
Closing Application...
DataHandler: unable to parse websocket frame.
RequestQuit command received.
Closing Application...
CloseHandler: 127.0.0.1:45448 disconnected
DataHandler: unable to parse websocket frame.
RequestQuit command received.
Closing Application...
CloseHandler: 127.0.0.1:42770 disconnected
DataHandler: unable to parse websocket frame.
RequestQuit command received.
Closing Application...
CloseHandler: 127.0.0.1:47248 disconnected
RequestQuit command received.
DataHandler: unable to parse websocket frame.
Closing Application...
CloseHandler: 127.0.0.1:46182 disconnected
DataHandler: unable to parse websocket frame.
RequestQuit command received.
Closing Application...
CloseHandler: 127.0.0.1:57228 disconnected
RequestQuit command received.
DataHandler: unable to parse websocket frame.
CloseHandler: 127.0.0.1:39550 disconnected
Closing Application...
DataHandler: unable to parse websocket frame.
RequestQuit command received.
CloseHandler: 127.0.0.1:40396 disconnected
Closing Application...
ResponseThread: No connection, dropping the response.
DataHandler: unable to parse websocket frame.
RequestQuit command received.
CloseHandler: 127.0.0.1:41466 disconnected
ResponseThread: No connection, dropping the response.
Closing Application...
DataHandler: unable to parse websocket frame.
RequestQuit command received.
Closing Application...
CloseHandler: 127.0.0.1:46578 disconnected
ResponseThread: No connection, dropping the response.
RequestQuit command received.
DataHandler: unable to parse websocket frame.
Closing Application...
CloseHandler: 127.0.0.1:53128 disconnected
